Workbook

Sheet 구역1
A1: 2026년 하계수양회 ─ 11구역
A2: NO | B2: 구역 | C2: 부서 (회별) | D2: 성 명 | E2: 차수 | F2: 본대 | H2: 기타 | L2: 인 도 자 | N2: 비고
F3: 상행 | G3: 하행 | H3: 상행 | I3: 참석 시점 | J3: 하행 | K3: 귀가 시점 | L3: 성 명 | M3: 관계
A74: 합 계 | E74: =IF(COUNTA(E4:E73)=0,"",COUNTA(E4:E73)) | F74: =IF(COUNTA(F4:F73)=0,"",COUNTA(F4:F73)) | G74: =IF(COUNTA(G4:G73)=0,"",COUNTA(G4:G73)) | H74: =IF(COUNTA(H4:H73)=0,"",COUNTA(H4:H73)) | I74: =IF(COUNTA(I4:I73)=0,"",COUNTA(I4:I73)) | J74: =IF(COUNTA(J4:J73)=0,"",COUNTA(J4:J73)) | K74: =IF(COUNTA(K4:K73)=0,"",COUNTA(K4:K73)) | L74: =IF(COUNTA(L4:L73)=0,"",COUNTA(L4:L73))

Sheet 구역2
A1: 2026년 하계수양회 ─ 11구역
A2: NO | B2: 구역 | C2: 부서 (회별) | D2: 성 명 | E2: 차수 | F2: 본대 | H2: 기타 | L2: 인 도 자 | N2: 비고
F3: 상행 | G3: 하행 | H3: 상행 | I3: 참석 시점 | J3: 하행 | K3: 귀가 시점 | L3: 성 명 | M3: 관계
A74: 합 계 | E74: =IF(COUNTA(E4:E73)=0,"",COUNTA(E4:E73)) | F74: =IF(COUNTA(F4:F73)=0,"",COUNTA(F4:F73)) | G74: =IF(COUNTA(G4:G73)=0,"",COUNTA(G4:G73)) | H74: =IF(COUNTA(H4:H73)=0,"",COUNTA(H4:H73)) | I74: =IF(COUNTA(I4:I73)=0,"",COUNTA(I4:I73)) | J74: =IF(COUNTA(J4:J73)=0,"",COUNTA(J4:J73)) | K74: =IF(COUNTA(K4:K73)=0,"",COUNTA(K4:K73)) | L74: =IF(COUNTA(L4:L73)=0,"",COUNTA(L4:L73))

Sheet 구역3
A1: 2026년 하계수양회 ─ 11구역
A2: NO | B2: 구역 | C2: 부서 (회별) | D2: 성 명 | E2: 차수 | F2: 본대 | H2: 기타 | L2: 인 도 자 | N2: 비고
F3: 상행 | G3: 하행 | H3: 상행 | I3: 참석 시점 | J3: 하행 | K3: 귀가 시점 | L3: 성 명 | M3: 관계
A74: 합 계 | E74: =IF(COUNTA(E4:E73)=0,"",COUNTA(E4:E73)) | F74: =IF(COUNTA(F4:F73)=0,"",COUNTA(F4:F73)) | G74: =IF(COUNTA(G4:G73)=0,"",COUNTA(G4:G73)) | H74: =IF(COUNTA(H4:H73)=0,"",COUNTA(H4:H73)) | I74: =IF(COUNTA(I4:I73)=0,"",COUNTA(I4:I73)) | J74: =IF(COUNTA(J4:J73)=0,"",COUNTA(J4:J73)) | K74: =IF(COUNTA(K4:K73)=0,"",COUNTA(K4:K73)) | L74: =IF(COUNTA(L4:L73)=0,"",COUNTA(L4:L73))

Sheet 구역4
A1: 2026년 하계수양회 ─ 11구역
A2: NO | B2: 구역 | C2: 부서 (회별) | D2: 성 명 | E2: 차수 | F2: 본대 | H2: 기타 | L2: 인 도 자 | N2: 비고
F3: 상행 | G3: 하행 | H3: 상행 | I3: 참석 시점 | J3: 하행 | K3: 귀가 시점 | L3: 성 명 | M3: 관계
A74: 합 계 | E74: =IF(COUNTA(E4:E73)=0,"",COUNTA(E4:E73)) | F74: =IF(COUNTA(F4:F73)=0,"",COUNTA(F4:F73)) | G74: =IF(COUNTA(G4:G73)=0,"",COUNTA(G4:G73)) | H74: =IF(COUNTA(H4:H73)=0,"",COUNTA(H4:H73)) | I74: =IF(COUNTA(I4:I73)=0,"",COUNTA(I4:I73)) | J74: =IF(COUNTA(J4:J73)=0,"",COUNTA(J4:J73)) | K74: =IF(COUNTA(K4:K73)=0,"",COUNTA(K4:K73)) | L74: =IF(COUNTA(L4:L73)=0,"",COUNTA(L4:L73))

Sheet 구역5
A1: 2026년 하계수양회 ─ 11구역
A2: NO | B2: 구역 | C2: 부서 (회별) | D2: 성 명 | E2: 차수 | F2: 본대 | H2: 기타 | L2: 인 도 자 | N2: 비고
F3: 상행 | G3: 하행 | H3: 상행 | I3: 참석 시점 | J3: 하행 | K3: 귀가 시점 | L3: 성 명 | M3: 관계
A74: 합 계 | E74: =IF(COUNTA(E4:E73)=0,"",COUNTA(E4:E73)) | F74: =IF(COUNTA(F4:F73)=0,"",COUNTA(F4:F73)) | G74: =IF(COUNTA(G4:G73)=0,"",COUNTA(G4:G73)) | H74: =IF(COUNTA(H4:H73)=0,"",COUNTA(H4:H73)) | I74: =IF(COUNTA(I4:I73)=0,"",COUNTA(I4:I73)) | J74: =IF(COUNTA(J4:J73)=0,"",COUNTA(J4:J73)) | K74: =IF(COUNTA(K4:K73)=0,"",COUNTA(K4:K73)) | L74: =IF(COUNTA(L4:L73)=0,"",COUNTA(L4:L73))

Sheet 구역6
A1: 2026년 하계수양회 ─ 11구역
A2: NO | B2: 구역 | C2: 부서 (회별) | D2: 성 명 | E2: 차수 | F2: 본대 | H2: 기타 | L2: 인 도 자 | N2: 비고
F3: 상행 | G3: 하행 | H3: 상행 | I3: 참석 시점 | J3: 하행 | K3: 귀가 시점 | L3: 성 명 | M3: 관계
A74: 합 계 | E74: =IF(COUNTA(E4:E73)=0,"",COUNTA(E4:E73)) | F74: =IF(COUNTA(F4:F73)=0,"",COUNTA(F4:F73)) | G74: =IF(COUNTA(G4:G73)=0,"",COUNTA(G4:G73)) | H74: =IF(COUNTA(H4:H73)=0,"",COUNTA(H4:H73)) | I74: =IF(COUNTA(I4:I73)=0,"",COUNTA(I4:I73)) | J74: =IF(COUNTA(J4:J73)=0,"",COUNTA(J4:J73)) | K74: =IF(COUNTA(K4:K73)=0,"",COUNTA(K4:K73)) | L74: =IF(COUNTA(L4:L73)=0,"",COUNTA(L4:L73))

Sheet 구역7
A1: 2026년 하계수양회 ─ 11구역
A2: NO | B2: 구역 | C2: 부서 (회별) | D2: 성 명 | E2: 차수 | F2: 본대 | H2: 기타 | L2: 인 도 자 | N2: 비고
F3: 상행 | G3: 하행 | H3: 상행 | I3: 참석 시점 | J3: 하행 | K3: 귀가 시점 | L3: 성 명 | M3: 관계
A74: 합 계 | E74: =IF(COUNTA(E4:E73)=0,"",COUNTA(E4:E73)) | F74: =IF(COUNTA(F4:F73)=0,"",COUNTA(F4:F73)) | G74: =IF(COUNTA(G4:G73)=0,"",COUNTA(G4:G73)) | H74: =IF(COUNTA(H4:H73)=0,"",COUNTA(H4:H73)) | I74: =IF(COUNTA(I4:I73)=0,"",COUNTA(I4:I73)) | J74: =IF(COUNTA(J4:J73)=0,"",COUNTA(J4:J73)) | K74: =IF(COUNTA(K4:K73)=0,"",COUNTA(K4:K73)) | L74: =IF(COUNTA(L4:L73)=0,"",COUNTA(L4:L73))

Sheet 구역8
A1: 2026년 하계수양회 ─ 11구역
A2: NO | B2: 구역 | C2: 부서 (회별) | D2: 성 명 | E2: 차수 | F2: 본대 | H2: 기타 | L2: 인 도 자 | N2: 비고
F3: 상행 | G3: 하행 | H3: 상행 | I3: 참석 시점 | J3: 하행 | K3: 귀가 시점 | L3: 성 명 | M3: 관계
A74: 합 계 | E74: =IF(COUNTA(E4:E73)=0,"",COUNTA(E4:E73)) | F74: =IF(COUNTA(F4:F73)=0,"",COUNTA(F4:F73)) | G74: =IF(COUNTA(G4:G73)=0,"",COUNTA(G4:G73)) | H74: =IF(COUNTA(H4:H73)=0,"",COUNTA(H4:H73)) | I74: =IF(COUNTA(I4:I73)=0,"",COUNTA(I4:I73)) | J74: =IF(COUNTA(J4:J73)=0,"",COUNTA(J4:J73)) | K74: =IF(COUNTA(K4:K73)=0,"",COUNTA(K4:K73)) | L74: =IF(COUNTA(L4:L73)=0,"",COUNTA(L4:L73))

Sheet 구역9
A1: 2026년 하계수양회 ─ 11구역
A2: NO | B2: 구역 | C2: 부서 (회별) | D2: 성 명 | E2: 차수 | F2: 본대 | H2: 기타 | L2: 인 도 자 | N2: 비고
F3: 상행 | G3: 하행 | H3: 상행 | I3: 참석 시점 | J3: 하행 | K3: 귀가 시점 | L3: 성 명 | M3: 관계
A74: 합 계 | E74: =IF(COUNTA(E4:E73)=0,"",COUNTA(E4:E73)) | F74: =IF(COUNTA(F4:F73)=0,"",COUNTA(F4:F73)) | G74: =IF(COUNTA(G4:G73)=0,"",COUNTA(G4:G73)) | H74: =IF(COUNTA(H4:H73)=0,"",COUNTA(H4:H73)) | I74: =IF(COUNTA(I4:I73)=0,"",COUNTA(I4:I73)) | J74: =IF(COUNTA(J4:J73)=0,"",COUNTA(J4:J73)) | K74: =IF(COUNTA(K4:K73)=0,"",COUNTA(K4:K73)) | L74: =IF(COUNTA(L4:L73)=0,"",COUNTA(L4:L73))

Sheet 구역10
A1: 2026년 하계수양회 ─ 11구역
A2: NO | B2: 구역 | C2: 부서 (회별) | D2: 성 명 | E2: 차수 | F2: 본대 | H2: 기타 | L2: 인 도 자 | N2: 비고
F3: 상행 | G3: 하행 | H3: 상행 | I3: 참석 시점 | J3: 하행 | K3: 귀가 시점 | L3: 성 명 | M3: 관계
A74: 합 계 | E74: =IF(COUNTA(E4:E73)=0,"",COUNTA(E4:E73)) | F74: =IF(COUNTA(F4:F73)=0,"",COUNTA(F4:F73)) | G74: =IF(COUNTA(G4:G73)=0,"",COUNTA(G4:G73)) | H74: =IF(COUNTA(H4:H73)=0,"",COUNTA(H4:H73)) | I74: =IF(COUNTA(I4:I73)=0,"",COUNTA(I4:I73)) | J74: =IF(COUNTA(J4:J73)=0,"",COUNTA(J4:J73)) | K74: =IF(COUNTA(K4:K73)=0,"",COUNTA(K4:K73)) | L74: =IF(COUNTA(L4:L73)=0,"",COUNTA(L4:L73))

Sheet 구역11
A1: 2026년 하계수양회 ─ 11구역
A2: NO | B2: 구역 | C2: 부서 (회별) | D2: 성 명 | E2: 차수 | F2: 본대 | H2: 기타 | L2: 인 도 자 | N2: 비고
F3: 상행 | G3: 하행 | H3: 상행 | I3: 참석 시점 | J3: 하행 | K3: 귀가 시점 | L3: 성 명 | M3: 관계
A74: 합 계 | E74: =IF(COUNTA(E4:E73)=0,"",COUNTA(E4:E73)) | F74: =IF(COUNTA(F4:F73)=0,"",COUNTA(F4:F73)) | G74: =IF(COUNTA(G4:G73)=0,"",COUNTA(G4:G73)) | H74: =IF(COUNTA(H4:H73)=0,"",COUNTA(H4:H73)) | I74: =IF(COUNTA(I4:I73)=0,"",COUNTA(I4:I73)) | J74: =IF(COUNTA(J4:J73)=0,"",COUNTA(J4:J73)) | K74: =IF(COUNTA(K4:K73)=0,"",COUNTA(K4:K73)) | L74: =IF(COUNTA(L4:L73)=0,"",COUNTA(L4:L73))

Sheet 구역12
A1: 2026년 하계수양회 ─ 11구역
A2: NO | B2: 구역 | C2: 부서 (회별) | D2: 성 명 | E2: 차수 | F2: 본대 | H2: 기타 | L2: 인 도 자 | N2: 비고
F3: 상행 | G3: 하행 | H3: 상행 | I3: 참석 시점 | J3: 하행 | K3: 귀가 시점 | L3: 성 명 | M3: 관계
A74: 합 계 | E74: =IF(COUNTA(E4:E73)=0,"",COUNTA(E4:E73)) | F74: =IF(COUNTA(F4:F73)=0,"",COUNTA(F4:F73)) | G74: =IF(COUNTA(G4:G73)=0,"",COUNTA(G4:G73)) | H74: =IF(COUNTA(H4:H73)=0,"",COUNTA(H4:H73)) | I74: =IF(COUNTA(I4:I73)=0,"",COUNTA(I4:I73)) | J74: =IF(COUNTA(J4:J73)=0,"",COUNTA(J4:J73)) | K74: =IF(COUNTA(K4:K73)=0,"",COUNTA(K4:K73)) | L74: =IF(COUNTA(L4:L73)=0,"",COUNTA(L4:L73))

Sheet 구역13
A1: 2026년 하계수양회 ─ 11구역
A2: NO | B2: 구역 | C2: 부서 (회별) | D2: 성 명 | E2: 차수 | F2: 본대 | H2: 기타 | L2: 인 도 자 | N2: 비고
F3: 상행 | G3: 하행 | H3: 상행 | I3: 참석 시점 | J3: 하행 | K3: 귀가 시점 | L3: 성 명 | M3: 관계
A74: 합 계 | E74: =IF(COUNTA(E4:E73)=0,"",COUNTA(E4:E73)) | F74: =IF(COUNTA(F4:F73)=0,"",COUNTA(F4:F73)) | G74: =IF(COUNTA(G4:G73)=0,"",COUNTA(G4:G73)) | H74: =IF(COUNTA(H4:H73)=0,"",COUNTA(H4:H73)) | I74: =IF(COUNTA(I4:I73)=0,"",COUNTA(I4:I73)) | J74: =IF(COUNTA(J4:J73)=0,"",COUNTA(J4:J73)) | K74: =IF(COUNTA(K4:K73)=0,"",COUNTA(K4:K73)) | L74: =IF(COUNTA(L4:L73)=0,"",COUNTA(L4:L73))

Sheet 구역14
A1: 2026년 하계수양회 ─ 11구역
A2: NO | B2: 구역 | C2: 부서 (회별) | D2: 성 명 | E2: 차수 | F2: 본대 | H2: 기타 | L2: 인 도 자 | N2: 비고
F3: 상행 | G3: 하행 | H3: 상행 | I3: 참석 시점 | J3: 하행 | K3: 귀가 시점 | L3: 성 명 | M3: 관계
A74: 합 계 | E74: =IF(COUNTA(E4:E73)=0,"",COUNTA(E4:E73)) | F74: =IF(COUNTA(F4:F73)=0,"",COUNTA(F4:F73)) | G74: =IF(COUNTA(G4:G73)=0,"",COUNTA(G4:G73)) | H74: =IF(COUNTA(H4:H73)=0,"",COUNTA(H4:H73)) | I74: =IF(COUNTA(I4:I73)=0,"",COUNTA(I4:I73)) | J74: =IF(COUNTA(J4:J73)=0,"",COUNTA(J4:J73)) | K74: =IF(COUNTA(K4:K73)=0,"",COUNTA(K4:K73)) | L74: =IF(COUNTA(L4:L73)=0,"",COUNTA(L4:L73))

Sheet 구역15
A1: 2026년 하계수양회 ─ 11구역
A2: NO | B2: 구역 | C2: 부서 (회별) | D2: 성 명 | E2: 차수 | F2: 본대 | H2: 기타 | L2: 인 도 자 | N2: 비고
F3: 상행 | G3: 하행 | H3: 상행 | I3: 참석 시점 | J3: 하행 | K3: 귀가 시점 | L3: 성 명 | M3: 관계
A74: 합 계 | E74: =IF(COUNTA(E4:E73)=0,"",COUNTA(E4:E73)) | F74: =IF(COUNTA(F4:F73)=0,"",COUNTA(F4:F73)) | G74: =IF(COUNTA(G4:G73)=0,"",COUNTA(G4:G73)) | H74: =IF(COUNTA(H4:H73)=0,"",COUNTA(H4:H73)) | I74: =IF(COUNTA(I4:I73)=0,"",COUNTA(I4:I73)) | J74: =IF(COUNTA(J4:J73)=0,"",COUNTA(J4:J73)) | K74: =IF(COUNTA(K4:K73)=0,"",COUNTA(K4:K73)) | L74: =IF(COUNTA(L4:L73)=0,"",COUNTA(L4:L73))

Sheet 구역16
A1: 2026년 하계수양회 ─ 11구역
A2: NO | B2: 구역 | C2: 부서 (회별) | D2: 성 명 | E2: 차수 | F2: 본대 | H2: 기타 | L2: 인 도 자 | N2: 비고
F3: 상행 | G3: 하행 | H3: 상행 | I3: 참석 시점 | J3: 하행 | K3: 귀가 시점 | L3: 성 명 | M3: 관계
A74: 합 계 | E74: =IF(COUNTA(E4:E73)=0,"",COUNTA(E4:E73)) | F74: =IF(COUNTA(F4:F73)=0,"",COUNTA(F4:F73)) | G74: =IF(COUNTA(G4:G73)=0,"",COUNTA(G4:G73)) | H74: =IF(COUNTA(H4:H73)=0,"",COUNTA(H4:H73)) | I74: =IF(COUNTA(I4:I73)=0,"",COUNTA(I4:I73)) | J74: =IF(COUNTA(J4:J73)=0,"",COUNTA(J4:J73)) | K74: =IF(COUNTA(K4:K73)=0,"",COUNTA(K4:K73)) | L74: =IF(COUNTA(L4:L73)=0,"",COUNTA(L4:L73))

Sheet 구역17
A1: 2026년 하계수양회 ─ 11구역
A2: NO | B2: 구역 | C2: 부서 (회별) | D2: 성 명 | E2: 차수 | F2: 본대 | H2: 기타 | L2: 인 도 자 | N2: 비고
F3: 상행 | G3: 하행 | H3: 상행 | I3: 참석 시점 | J3: 하행 | K3: 귀가 시점 | L3: 성 명 | M3: 관계
A74: 합 계 | E74: =IF(COUNTA(E4:E73)=0,"",COUNTA(E4:E73)) | F74: =IF(COUNTA(F4:F73)=0,"",COUNTA(F4:F73)) | G74: =IF(COUNTA(G4:G73)=0,"",COUNTA(G4:G73)) | H74: =IF(COUNTA(H4:H73)=0,"",COUNTA(H4:H73)) | I74: =IF(COUNTA(I4:I73)=0,"",COUNTA(I4:I73)) | J74: =IF(COUNTA(J4:J73)=0,"",COUNTA(J4:J73)) | K74: =IF(COUNTA(K4:K73)=0,"",COUNTA(K4:K73)) | L74: =IF(COUNTA(L4:L73)=0,"",COUNTA(L4:L73))

Sheet 구역18
A1: 2026년 하계수양회 ─ 11구역
A2: NO | B2: 구역 | C2: 부서 (회별) | D2: 성 명 | E2: 차수 | F2: 본대 | H2: 기타 | L2: 인 도 자 | N2: 비고
F3: 상행 | G3: 하행 | H3: 상행 | I3: 참석 시점 | J3: 하행 | K3: 귀가 시점 | L3: 성 명 | M3: 관계
A74: 합 계 | E74: =IF(COUNTA(E4:E73)=0,"",COUNTA(E4:E73)) | F74: =IF(COUNTA(F4:F73)=0,"",COUNTA(F4:F73)) | G74: =IF(COUNTA(G4:G73)=0,"",COUNTA(G4:G73)) | H74: =IF(COUNTA(H4:H73)=0,"",COUNTA(H4:H73)) | I74: =IF(COUNTA(I4:I73)=0,"",COUNTA(I4:I73)) | J74: =IF(COUNTA(J4:J73)=0,"",COUNTA(J4:J73)) | K74: =IF(COUNTA(K4:K73)=0,"",COUNTA(K4:K73)) | L74: =IF(COUNTA(L4:L73)=0,"",COUNTA(L4:L73))

Sheet 구역19
A1: 2026년 하계수양회 ─ 11구역
A2: NO | B2: 구역 | C2: 부서 (회별) | D2: 성 명 | E2: 차수 | F2: 본대 | H2: 기타 | L2: 인 도 자 | N2: 비고
F3: 상행 | G3: 하행 | H3: 상행 | I3: 참석 시점 | J3: 하행 | K3: 귀가 시점 | L3: 성 명 | M3: 관계
A74: 합 계 | E74: =IF(COUNTA(E4:E73)=0,"",COUNTA(E4:E73)) | F74: =IF(COUNTA(F4:F73)=0,"",COUNTA(F4:F73)) | G74: =IF(COUNTA(G4:G73)=0,"",COUNTA(G4:G73)) | H74: =IF(COUNTA(H4:H73)=0,"",COUNTA(H4:H73)) | I74: =IF(COUNTA(I4:I73)=0,"",COUNTA(I4:I73)) | J74: =IF(COUNTA(J4:J73)=0,"",COUNTA(J4:J73)) | K74: =IF(COUNTA(K4:K73)=0,"",COUNTA(K4:K73)) | L74: =IF(COUNTA(L4:L73)=0,"",COUNTA(L4:L73))

Sheet 구역20
A1: 2026년 하계수양회 ─ 11구역
A2: NO | B2: 구역 | C2: 부서 (회별) | D2: 성 명 | E2: 차수 | F2: 본대 | H2: 기타 | L2: 인 도 자 | N2: 비고
F3: 상행 | G3: 하행 | H3: 상행 | I3: 참석 시점 | J3: 하행 | K3: 귀가 시점 | L3: 성 명 | M3: 관계
A74: 합 계 | E74: =IF(COUNTA(E4:E73)=0,"",COUNTA(E4:E73)) | F74: =IF(COUNTA(F4:F73)=0,"",COUNTA(F4:F73)) | G74: =IF(COUNTA(G4:G73)=0,"",COUNTA(G4:G73)) | H74: =IF(COUNTA(H4:H73)=0,"",COUNTA(H4:H73)) | I74: =IF(COUNTA(I4:I73)=0,"",COUNTA(I4:I73)) | J74: =IF(COUNTA(J4:J73)=0,"",COUNTA(J4:J73)) | K74: =IF(COUNTA(K4:K73)=0,"",COUNTA(K4:K73)) | L74: =IF(COUNTA(L4:L73)=0,"",COUNTA(L4:L73))

Sheet 전도대상자
A1: 전도 대상자 명단
A2: NO | B2: 구역 | C2: 회(부서) | D2: 성 명 | E2: 관계 | F2: 인도자 | G2: 숙소 | I2: 비고
A3: 1
A4: 2
A5: 3
A6: 4
A7: 5
A8: 6
A9: 7
A10: 8
A11: 9
A12: 10
A13: 11
A14: 12
... A42: 40

Sheet 전도현황
A1: 2026년 하계수양회 전도 및 침례 현황
A2: NO | B2: 구역 | C2: 성명 | D2: 회(부서) | E2: 인도자 | F2: 관계 | G2: 구원시인 | H2: 침례여부 | I2: 비고

Sheet 회비지원
A1: 회비 지원 명단
A2: NO | B2: 구역 | C2: 회(부서) | D2: 성 명 | E2: 금액 | F2: 비고 | J2: 회비
A3: 1 | E3: =IF(C3="","",VLOOKUP(C3,$J$3:$K$11,2,0)) | J3: 은장회 | K3: 50000
A4: 2 | E4: =IF(C4="","",VLOOKUP(C4,$J$3:$K$11,2,0)) | J4: 봉사회 | K4: 70000
A5: 3 | E5: =IF(C5="","",VLOOKUP(C5,$J$3:$K$11,2,0)) | J5: 어머니회 | K5: 70000
A6: 4 | E6: =IF(C6="","",VLOOKUP(C6,$J$3:$K$11,2,0)) | J6: 청년회 | K6: 70000
A7: 5 | E7: =IF(C7="","",VLOOKUP(C7,$J$3:$K$11,2,0)) | J7: 대학부 | K7: 50000
A8: 6 | E8: =IF(C8="","",VLOOKUP(C8,$J$3:$K$11,2,0)) | J8: 중고등부 | K8: 0
A9: 7 | E9: =IF(C9="","",VLOOKUP(C9,$J$3:$K$11,2,0)) | J9: 초등부 | K9: 0
A10: 8 | E10: =IF(C10="","",VLOOKUP(C10,$J$3:$K$11,2,0)) | J10: 유치부 | K10: 0
A11: 9 | E11: =IF(C11="","",VLOOKUP(C11,$J$3:$K$11,2,0)) | J11: 미취학 | K11: 0
A12: 10 | E12: =IF(C12="","",VLOOKUP(C12,$J$3:$K$11,2,0))
A13: 11 | E13: =IF(C13="","",VLOOKUP(C13,$J$3:$K$11,2,0))
A14: 12 | E14: =IF(C14="","",VLOOKUP(C14,$J$3:$K$11,2,0))
A15: 13 | E15: =IF(C15="","",VLOOKUP(C15,$J$3:$K$11,2,0))
A16: 14 | E16: =IF(C16="","",VLOOKUP(C16,$J$3:$K$11,2,0))
A17: 15 | E17: =IF(C17="","",VLOOKUP(C17,$J$3:$K$11,2,0))
A18: 16 | E18: =IF(C18="","",VLOOKUP(C18,$J$3:$K$11,2,0))
A19: 17 | E19: =IF(C19="","",VLOOKUP(C19,$J$3:$K$11,2,0))
A20: 18 | E20: =IF(C20="","",VLOOKUP(C20,$J$3:$K$11,2,0))
A21: 19 | E21: =IF(C21="","",VLOOKUP(C21,$J$3:$K$11,2,0))
A22: 20 | E22: =IF(C22="","",VLOOKUP(C22,$J$3:$K$11,2,0))
A23: 21 | E23: =IF(C23="","",VLOOKUP(C23,$J$3:$K$11,2,0))
... A82: 80 | E82: =IF(C82="","",VLOOKUP(C82,$J$3:$K$11,2,0))
A83: 합 계 | E83: =IF(SUM(E3:E82)=0,"",SUM(E3:E82))

Sheet 통계
A1: 교통편 집계표
A2: 구역 | B2: 본대 버스 | D2: 교회차 | F2: 타교회 | H2: 개인차량 | J2: 대중교통 | L2: 계
B3: 상행 | C3: 하행 | D3: 상행 | E3: 하행 | F3: 상행 | G3: 하행 | H3: 상행 | I3: 하행 | J3: 상행 | K3: 하행
A4: 구역1 | B4: =IF(COUNTIFS(구역1!F4:F73,"1호차",구역1!E4:E73,"*"&$B31&"*")+COUNTIFS(구역1!F4:F73,"2호차",구역1!E4:E73,"*"&$B31&"*")+COUNTIFS(구역1!F4:F73,"3호차",구역1!E4:E73,"*"&$B31&"*")+COUNTIFS(구역1!F4:F73,"4호차",구역1!E4:E73,"*"&$B31&"*")+COUNTIFS(구역1!F4:F73,"5호차",구역1!E4:E73,"*"&$B31&"*")+COUNTIFS(구역1!F4:F73,"6호차",구역1!E4:E73,"*"&$B31&"*")+COUNTIFS(구역1!F4:F73,"7호차",구역1!E4:E73,"*"&$B31&"*")+COUNTIFS(구역1!F4:F73,"8호차",구역1!E4:E73,"*"&$B31&"*")+COUNTIFS(구역1!F4:F73,"9호차",구역1!E4:E73,"*"&$B31&"*")+COUNTIFS(구역1!F4:F73,"10호차",구역1!E4:E73,"*"&$B31&"*")=0,"",COUNTIFS(구역1!F4:F73,"1호차",구역1!E4:E73,"*"&$B31&"*")+COUNTIFS(구역1!F4:F73,"2호차",구역1!E4:E73,"*"&$B31&"*")+COUNTIFS(구역1!F4:F73,"3호차",구역1!E4:E73,"*"&$B31&"*")+COUNTIFS(구역1!F4:F73,"4호차",구역1!E4:E73,"*"&$B31&"*")+COUNTIFS(구역1!F4:F73,"5호차",구역1!E4:E73,"*"&$B31&"*")+COUNTIFS(구역1!F4:F73,"6호차",구역1!E4:E73,"*"&$B31&"*")+COUNTIFS(구역1!F4:F73,"7호차",구역1!E4:E73,"*"&$B31&"*")+COUNTIFS(구역1!F4:F73,"8호차",구역1!E4:E73,"*"&$B31&"*")+COUNTIFS(구역1!F4:F73,"9호차",구역1!E4:E73,"*"&$B31&"*")+COUNTIFS(구역1!F4:F73,"10호차",구역1!E4:E73,"*"&$B31&"*")) | C4: =IF(COUNTIFS(구역1!G4:G73,"1호차",구역1!E4:E73,"*"&$B31&"*")+COUNTIFS(구역1!G4:G73,"2호차",구역1!E4:E73,"*"&$B31&"*")+COUNTIFS(구역1!G4:G73,"3호차",구역1!E4:E73,"*"&$B31&"*")+COUNTIFS(구역1!G4:G73,"4호차",구역1!E4:E73,"*"&$B31&"*")+COUNTIFS(구역1!G4:G73,"5호차",구역1!E4:E73,"*"&$B31&"*")+COUNTIFS(구역1!G4:G73,"6호차",구역1!E4:E73,"*"&$B31&"*")+COUNTIFS(구역1!G4:G73,"7호차",구역1!E4:E73,"*"&$B31&"*")+COUNTIFS(구역1!G4:G73,"8호차",구역1!E4:E73,"*"&$B31&"*")+COUNTIFS(구역1!G4:G73,"9호차",구역1!E4:E73,"*"&$B31&"*")+COUNTIFS(구역1!G4:G73,"10호차",구역1!E4:E73,"*"&$B31&"*")=0,"",COUNTIFS(구역1!G4:G73,"1호차",구역1!E4:E73,"*"&$B31&"*")+COUNTIFS(구역1!G4:G73,"2호차",구역1!E4:E73,"*"&$B31&"*")+COUNTIFS(구역1!G4:G73,"3호차",구역1!E4:E73,"*"&$B31&"*")+COUNTIFS(구역1!G4:G73,"4호차",구역1!E4:E73,"*"&$B31&"*")+COUNTIFS(구역1!G4:G73,"5호차",구역1!E4:E73,"*"&$B31&"*")+COUNTIFS(구역1!G4:G73,"6호차",구역1!E4:E73,"*"&$B31&"*")+COUNTIFS(구역1!G4:G73,"7호차",구역1!E4:E73,"*"&$B31&"*")+COUNTIFS(구역1!G4:G73,"8호차",구역1!E4:E73,"*"&$B31&"*")+COUNTIFS(구역1!G4:G73,"9호차",구역1!E4:E73,"*"&$B31&"*")+COUNTIFS(구역1!G4:G73,"10호차",구역1!E4:E73,"*"&$B31&"*")) | D4: =IF(COUNTIFS(구역1!F4:F73,"교회차1",구역1!E4:E73,"*"&$B31&"*")+COUNTIFS(구역1!F4:F73,"교회차2",구역1!E4:E73,"*"&$B31&"*")+COUNTIFS(구역1!F4:F73,"교회차3",구역1!E4:E73,"*"&$B31&"*")+COUNTIFS(구역1!F4:F73,"교회차4",구역1!E4:E73,"*"&$B31&"*")+COUNTIFS(구역1!F4:F73,"교회차5",구역1!E4:E73,"*"&$B31&"*")+COUNTIFS(구역1!H4:H73,"*교회차*",구역1!E4:E73,"*"&$B31&"*")=0,"",COUNTIFS(구역1!F4:F73,"교회차1",구역1!E4:E73,"*"&$B31&"*")+COUNTIFS(구역1!F4:F73,"교회차2",구역1!E4:E73,"*"&$B31&"*")+COUNTIFS(구역1!F4:F73,"교회차3",구역1!E4:E73,"*"&$B31&"*")+COUNTIFS(구역1!F4:F73,"교회차4",구역1!E4:E73,"*"&$B31&"*")+COUNTIFS(구역1!F4:F73,"교회차5",구역1!E4:E73,"*"&$B31&"*")+COUNTIFS(구역1!H4:H73,"*교회차*",구역1!E4:E73,"*"&$B31&"*")) | E4: =IF(COUNTIFS(구역1!G4:G73,"교회차1",구역1!E4:E73,"*"&$B31&"*")+COUNTIFS(구역1!G4:G73,"교회차2",구역1!E4:E73,"*"&$B31&"*")+COUNTIFS(구역1!G4:G73,"교회차3",구역1!E4:E73,"*"&$B31&"*")+COUNTIFS(구역1!G4:G73,"교회차4",구역1!E4:E73,"*"&$B31&"*")+COUNTIFS(구역1!G4:G73,"교회차5",구역1!E4:E73,"*"&$B31&"*")+COUNTIFS(구역1!J4:J73,"*교회차*",구역1!E4:E73,"*"&$B31&"*")=0,"",COUNTIFS(구역1!G4:G73,"교회차1",구역1!E4:E73,"*"&$B31&"*")+COUNTIFS(구역1!G4:G73,"교회차2",구역1!E4:E73,"*"&$B31&"*")+COUNTIFS(구역1!G4:G73,"교회차3",구역1!E4:E73,"*"&$B31&"*")+COUNTIFS(구역1!G4:G73,"교회차4",구역1!E4:E73,"*"&$B31&"*")+COUNTIFS(구역1!G4:G73,"교회차5",구역1!E4:E73,"*"&$B31&"*")+COUNTIFS(구역1!J4:J73,"*교회차*",구역1!E4:E73,"*"&$B31&"*")) | F4: =IF(COUNTIFS(구역1!F4:F73,"타교회",구역1!E4:E73,"*"&$B31&"*")+COUNTIFS(구역1!H4:H73,"*타교회*",구역1!E4:E73,"*"&$B31&"*")=0,"",COUNTIFS(구역1!F4:F73,"타교회",구역1!E4:E73,"*"&$B31&"*")+COUNTIFS(구역1!H4:H73,"*타교회*",구역1!E4:E73,"*"&$B31&"*")) | G4: =IF(COUNTIFS(구역1!G4:G73,"타교회",구역1!E4:E73,"*"&$B31&"*")+COUNTIFS(구역1!J4:J73,"*타교회*",구역1!E4:E73,"*"&$B31&"*")=0,"",COUNTIFS(구역1!G4:G73,"타교회",구역1!E4:E73,"*"&$B31&"*")+COUNTIFS(구역1!J4:J73,"*타교회*",구역1!E4:E73,"*"&$B31&"*")) | H4: =IF(COUNTIFS(구역1!F4:F73,"개인차",구역1!E4:E73,"*"&$B31&"*")+(COUNTIFS(구역1!H4:H73,"?*",구역1!E4:E73,"*"&$B31&"*")-COUNTIFS(구역1!H4:H73,"*교회차*",구역1!E4:E73,"*"&$B31&"*")-COUNTIFS(구역1!H4:H73,"*타교회*",구역1!E4:E73,"*"&$B31&"*")-COUNTIFS(구역1!H4:H73,"*대중교통*",구역1!E4:E73,"*"&$B31&"*"))=0,"",COUNTIFS(구역1!F4:F73,"개인차",구역1!E4:E73,"*"&$B31&"*")+(COUNTIFS(구역1!H4:H73,"?*",구역1!E4:E73,"*"&$B31&"*")-COUNTIFS(구역1!H4:H73,"*교회차*",구역1!E4:E73,"*"&$B31&"*")-COUNTIFS(구역1!H4:H73,"*타교회*",구역1!E4:E73,"*"&$B31&"*")-COUNTIFS(구역1!H4:H73,"*대중교통*",구역1!E4:E73,"*"&$B31&"*"))) | I4: =IF(COUNTIFS(구역1!G4:G73,"개인차",구역1!E4:E73,"*"&$B31&"*")+(COUNTIFS(구역1!J4:J73,"?*",구역1!E4:E73,"*"&$B31&"*")-COUNTIFS(구역1!J4:J73,"*교회차*",구역1!E4:E73,"*"&$B31&"*")-COUNTIFS(구역1!J4:J73,"*타교회*",구역1!E4:E73,"*"&$B31&"*")-COUNTIFS(구역1!J4:J73,"*대중교통*",구역1!E4:E73,"*"&$B31&"*"))=0,"",COUNTIFS(구역1!G4:G73,"개인차",구역1!E4:E73,"*"&$B31&"*")+(COUNTIFS(구역1!J4:J73,"?*",구역1!E4:E73,"*"&$B31&"*")-COUNTIFS(구역1!J4:J73,"*교회차*",구역1!E4:E73,"*"&$B31&"*")-COUNTIFS(구역1!J4:J73,"*타교회*",구역1!E4:E73,"*"&$B31&"*")-COUNTIFS(구역1!J4:J73,"*대중교통*",구역1!E4:E73,"*"&$B31&"*"))) | J4: =IF(COUNTIFS(구역1!F4:F73,"대중교통",구역1!E4:E73,"*"&$B31&"*")+COUNTIFS(구역1!H4:H73,"*대중교통*",구역1!E4:E73,"*"&$B31&"*")=0,"",COUNTIFS(구역1!F4:F73,"대중교통",구역1!E4:E73,"*"&$B31&"*")+COUNTIFS(구역1!H4:H73,"*대중교통*",구역1!E4:E73,"*"&$B31&"*")) | K4: =IF(COUNTIFS(구역1!G4:G73,"대중교통",구역1!E4:E73,"*"&$B31&"*")+COUNTIFS(구역1!J4:J73,"*대중교통*",구역1!E4:E73,"*"&$B31&"*")=0,"",COUNTIFS(구역1!G4:G73,"대중교통",구역1!E4:E73,"*"&$B31&"*")+COUNTIFS(구역1!J4:J73,"*대중교통*",구역1!E4:E73,"*"&$B31&"*")) | L4: =IF(SUM(B4,D4,F4,H4,J4)=0,"",SUM(B4,D4,F4,H4,J4))
A5: 구역2 | B5: =IF(COUNTIFS(구역2!F4:F73,"1호차",구역2!E4:E73,"*"&$B31&"*")+COUNTIFS(구역2!F4:F73,"2호차",구역2!E4:E73,"*"&$B31&"*")+COUNTIFS(구역2!F4:F73,"3호차",구역2!E4:E73,"*"&$B31&"*")+COUNTIFS(구역2!F4:F73,"4호차",구역2!E4:E73,"*"&$B31&"*")+COUNTIFS(구역2!F4:F73,"5호차",구역2!E4:E73,"*"&$B31&"*")+COUNTIFS(구역2!F4:F73,"6호차",구역2!E4:E73,"*"&$B31&"*")+COUNTIFS(구역2!F4:F73,"7호차",구역2!E4:E73,"*"&$B31&"*")+COUNTIFS(구역2!F4:F73,"8호차",구역2!E4:E73,"*"&$B31&"*")+COUNTIFS(구역2!F4:F73,"9호차",구역2!E4:E73,"*"&$B31&"*")+COUNTIFS(구역2!F4:F73,"10호차",구역2!E4:E73,"*"&$B31&"*")=0,"",COUNTIFS(구역2!F4:F73,"1호차",구역2!E4:E73,"*"&$B31&"*")+COUNTIFS(구역2!F4:F73,"2호차",구역2!E4:E73,"*"&$B31&"*")+COUNTIFS(구역2!F4:F73,"3호차",구역2!E4:E73,"*"&$B31&"*")+COUNTIFS(구역2!F4:F73,"4호차",구역2!E4:E73,"*"&$B31&"*")+COUNTIFS(구역2!F4:F73,"5호차",구역2!E4:E73,"*"&$B31&"*")+COUNTIFS(구역2!F4:F73,"6호차",구역2!E4:E73,"*"&$B31&"*")+COUNTIFS(구역2!F4:F73,"7호차",구역2!E4:E73,"*"&$B31&"*")+COUNTIFS(구역2!F4:F73,"8호차",구역2!E4:E73,"*"&$B31&"*")+COUNTIFS(구역2!F4:F73,"9호차",구역2!E4:E73,"*"&$B31&"*")+COUNTIFS(구역2!F4:F73,"10호차",구역2!E4:E73,"*"&$B31&"*")) | C5: =IF(COUNTIFS(구역2!G4:G73,"1호차",구역2!E4:E73,"*"&$B31&"*")+COUNTIFS(구역2!G4:G73,"2호차",구역2!E4:E73,"*"&$B31&"*")+COUNTIFS(구역2!G4:G73,"3호차",구역2!E4:E73,"*"&$B31&"*")+COUNTIFS(구역2!G4:G73,"4호차",구역2!E4:E73,"*"&$B31&"*")+COUNTIFS(구역2!G4:G73,"5호차",구역2!E4:E73,"*"&$B31&"*")+COUNTIFS(구역2!G4:G73,"6호차",구역2!E4:E73,"*"&$B31&"*")+COUNTIFS(구역2!G4:G73,"7호차",구역2!E4:E73,"*"&$B31&"*")+COUNTIFS(구역2!G4:G73,"8호차",구역2!E4:E73,"*"&$B31&"*")+COUNTIFS(구역2!G4:G73,"9호차",구역2!E4:E73,"*"&$B31&"*")+COUNTIFS(구역2!G4:G73,"10호차",구역2!E4:E73,"*"&$B31&"*")=0,"",COUNTIFS(구역2!G4:G73,"1호차",구역2!E4:E73,"*"&$B31&"*")+COUNTIFS(구역2!G4:G73,"2호차",구역2!E4:E73,"*"&$B31&"*")+COUNTIFS(구역2!G4:G73,"3호차",구역2!E4:E73,"*"&$B31&"*")+COUNTIFS(구역2!G4:G73,"4호차",구역2!E4:E73,"*"&$B31&"*")+COUNTIFS(구역2!G4:G73,"5호차",구역2!E4:E73,"*"&$B31&"*")+COUNTIFS(구역2!G4:G73,"6호차",구역2!E4:E73,"*"&$B31&"*")+COUNTIFS(구역2!G4:G73,"7호차",구역2!E4:E73,"*"&$B31&"*")+COUNTIFS(구역2!G4:G73,"8호차",구역2!E4:E73,"*"&$B31&"*")+COUNTIFS(구역2!G4:G73,"9호차",구역2!E4:E73,"*"&$B31&"*")+COUNTIFS(구역2!G4:G73,"10호차",구역2!E4:E73,"*"&$B31&"*")) | D5: =IF(COUNTIFS(구역2!F4:F73,"교회차1",구역2!E4:E73,"*"&$B31&"*")+COUNTIFS(구역2!F4:F73,"교회차2",구역2!E4:E73,"*"&$B31&"*")+COUNTIFS(구역2!F4:F73,"교회차3",구역2!E4:E73,"*"&$B31&"*")+COUNTIFS(구역2!F4:F73,"교회차4",구역2!E4:E73,"*"&$B31&"*")+COUNTIFS(구역2!F4:F73,"교회차5",구역2!E4:E73,"*"&$B31&"*")+COUNTIFS(구역2!H4:H73,"*교회차*",구역2!E4:E73,"*"&$B31&"*")=0,"",COUNTIFS(구역2!F4:F73,"교회차1",구역2!E4:E73,"*"&$B31&"*")+COUNTIFS(구역2!F4:F73,"교회차2",구역2!E4:E73,"*"&$B31&"*")+COUNTIFS(구역2!F4:F73,"교회차3",구역2!E4:E73,"*"&$B31&"*")+COUNTIFS(구역2!F4:F73,"교회차4",구역2!E4:E73,"*"&$B31&"*")+COUNTIFS(구역2!F4:F73,"교회차5",구역2!E4:E73,"*"&$B31&"*")+COUNTIFS(구역2!H4:H73,"*교회차*",구역2!E4:E73,"*"&$B31&"*")) | E5: =IF(COUNTIFS(구역2!G4:G73,"교회차1",구역2!E4:E73,"*"&$B31&"*")+COUNTIFS(구역2!G4:G73,"교회차2",구역2!E4:E73,"*"&$B31&"*")+COUNTIFS(구역2!G4:G73,"교회차3",구역2!E4:E73,"*"&$B31&"*")+COUNTIFS(구역2!G4:G73,"교회차4",구역2!E4:E73,"*"&$B31&"*")+COUNTIFS(구역2!G4:G73,"교회차5",구역2!E4:E73,"*"&$B31&"*")+COUNTIFS(구역2!J4:J73,"*교회차*",구역2!E4:E73,"*"&$B31&"*")=0,"",COUNTIFS(구역2!G4:G73,"교회차1",구역2!E4:E73,"*"&$B31&"*")+COUNTIFS(구역2!G4:G73,"교회차2",구역2!E4:E73,"*"&$B31&"*")+COUNTIFS(구역2!G4:G73,"교회차3",구역2!E4:E73,"*"&$B31&"*")+COUNTIFS(구역2!G4:G73,"교회차4",구역2!E4:E73,"*"&$B31&"*")+COUNTIFS(구역2!G4:G73,"교회차5",구역2!E4:E73,"*"&$B31&"*")+COUNTIFS(구역2!J4:J73,"*교회차*",구역2!E4:E73,"*"&$B31&"*")) | F5: =IF(COUNTIFS(구역2!F4:F73,"타교회",구역2!E4:E73,"*"&$B31&"*")+COUNTIFS(구역2!H4:H73,"*타교회*",구역2!E4:E73,"*"&$B31&"*")=0,"",COUNTIFS(구역2!F4:F73,"타교회",구역2!E4:E73,"*"&$B31&"*")+COUNTIFS(구역2!H4:H73,"*타교회*",구역2!E4:E73,"*"&$B31&"*")) | G5: =IF(COUNTIFS(구역2!G4:G73,"타교회",구역2!E4:E73,"*"&$B31&"*")+COUNTIFS(구역2!J4:J73,"*타교회*",구역2!E4:E73,"*"&$B31&"*")=0,"",COUNTIFS(구역2!G4:G73,"타교회",구역2!E4:E73,"*"&$B31&"*")+COUNTIFS(구역2!J4:J73,"*타교회*",구역2!E4:E73,"*"&$B31&"*")) | H5: =IF(COUNTIFS(구역2!F4:F73,"개인차",구역2!E4:E73,"*"&$B31&"*")+(COUNTIFS(구역2!H4:H73,"?*",구역2!E4:E73,"*"&$B31&"*")-COUNTIFS(구역2!H4:H73,"*교회차*",구역2!E4:E73,"*"&$B31&"*")-COUNTIFS(구역2!H4:H73,"*타교회*",구역2!E4:E73,"*"&$B31&"*")-COUNTIFS(구역2!H4:H73,"*대중교통*",구역2!E4:E73,"*"&$B31&"*"))=0,"",COUNTIFS(구역2!F4:F73,"개인차",구역2!E4:E73,"*"&$B31&"*")+(COUNTIFS(구역2!H4:H73,"?*",구역2!E4:E73,"*"&$B31&"*")-COUNTIFS(구역2!H4:H73,"*교회차*",구역2!E4:E73,"*"&$B31&"*")-COUNTIFS(구역2!H4:H73,"*타교회*",구역2!E4:E73,"*"&$B31&"*")-COUNTIFS(구역2!H4:H73,"*대중교통*",구역2!E4:E73,"*"&$B31&"*"))) | I5: =IF(COUNTIFS(구역2!G4:G73,"개인차",구역2!E4:E73,"*"&$B31&"*")+(COUNTIFS(구역2!J4:J73,"?*",구역2!E4:E73,"*"&$B31&"*")-COUNTIFS(구역2!J4:J73,"*교회차*",구역2!E4:E73,"*"&$B31&"*")-COUNTIFS(구역2!J4:J73,"*타교회*",구역2!E4:E73,"*"&$B31&"*")-COUNTIFS(구역2!J4:J73,"*대중교통*",구역2!E4:E73,"*"&$B31&"*"))=0,"",COUNTIFS(구역2!G4:G73,"개인차",구역2!E4:E73,"*"&$B31&"*")+(COUNTIFS(구역2!J4:J73,"?*",구역2!E4:E73,"*"&$B31&"*")-COUNTIFS(구역2!J4:J73,"*교회차*",구역2!E4:E73,"*"&$B31&"*")-COUNTIFS(구역2!J4:J73,"*타교회*",구역2!E4:E73,"*"&$B31&"*")-COUNTIFS(구역2!J4:J73,"*대중교통*",구역2!E4:E73,"*"&$B31&"*"))) | J5: =IF(COUNTIFS(구역2!F4:F73,"대중교통",구역2!E4:E73,"*"&$B31&"*")+COUNTIFS(구역2!H4:H73,"*대중교통*",구역2!E4:E73,"*"&$B31&"*")=0,"",COUNTIFS(구역2!F4:F73,"대중교통",구역2!E4:E73,"*"&$B31&"*")+COUNTIFS(구역2!H4:H73,"*대중교통*",구역2!E4:E73,"*"&$B31&"*")) | K5: =IF(COUNTIFS(구역2!G4:G73,"대중교통",구역2!E4:E73,"*"&$B31&"*")+COUNTIFS(구역2!J4:J73,"*대중교통*",구역2!E4:E73,"*"&$B31&"*")=0,"",COUNTIFS(구역2!G4:G73,"대중교통",구역2!E4:E73,"*"&$B31&"*")+COUNTIFS(구역2!J4:J73,"*대중교통*",구역2!E4:E73,"*"&$B31&"*")) | L5: =IF(SUM(B5,D5,F5,H5,J5)=0,"",SUM(B5,D5,F5,H5,J5))
A6: 구역3 | B6: =IF(COUNTIFS(구역3!F4:F73,"1호차",구역3!E4:E73,"*"&$B31&"*")+COUNTIFS(구역3!F4:F73,"2호차",구역3!E4:E73,"*"&$B31&"*")+COUNTIFS(구역3!F4:F73,"3호차",구역3!E4:E73,"*"&$B31&"*")+COUNTIFS(구역3!F4:F73,"4호차",구역3!E4:E73,"*"&$B31&"*")+COUNTIFS(구역3!F4:F73,"5호차",구역3!E4:E73,"*"&$B31&"*")+COUNTIFS(구역3!F4:F73,"6호차",구역3!E4:E73,"*"&$B31&"*")+COUNTIFS(구역3!F4:F73,"7호차",구역3!E4:E73,"*"&$B31&"*")+COUNTIFS(구역3!F4:F73,"8호차",구역3!E4:E73,"*"&$B31&"*")+COUNTIFS(구역3!F4:F73,"9호차",구역3!E4:E73,"*"&$B31&"*")+COUNTIFS(구역3!F4:F73,"10호차",구역3!E4:E73,"*"&$B31&"*")=0,"",COUNTIFS(구역3!F4:F73,"1호차",구역3!E4:E73,"*"&$B31&"*")+COUNTIFS(구역3!F4:F73,"2호차",구역3!E4:E73,"*"&$B31&"*")+COUNTIFS(구역3!F4:F73,"3호차",구역3!E4:E73,"*"&$B31&"*")+COUNTIFS(구역3!F4:F73,"4호차",구역3!E4:E73,"*"&$B31&"*")+COUNTIFS(구역3!F4:F73,"5호차",구역3!E4:E73,"*"&$B31&"*")+COUNTIFS(구역3!F4:F73,"6호차",구역3!E4:E73,"*"&$B31&"*")+COUNTIFS(구역3!F4:F73,"7호차",구역3!E4:E73,"*"&$B31&"*")+COUNTIFS(구역3!F4:F73,"8호차",구역3!E4:E73,"*"&$B31&"*")+COUNTIFS(구역3!F4:F73,"9호차",구역3!E4:E73,"*"&$B31&"*")+COUNTIFS(구역3!F4:F73,"10호차",구역3!E4:E73,"*"&$B31&"*")) | C6: =IF(COUNTIFS(구역3!G4:G73,"1호차",구역3!E4:E73,"*"&$B31&"*")+COUNTIFS(구역3!G4:G73,"2호차",구역3!E4:E73,"*"&$B31&"*")+COUNTIFS(구역3!G4:G73,"3호차",구역3!E4:E73,"*"&$B31&"*")+COUNTIFS(구역3!G4:G73,"4호차",구역3!E4:E73,"*"&$B31&"*")+COUNTIFS(구역3!G4:G73,"5호차",구역3!E4:E73,"*"&$B31&"*")+COUNTIFS(구역3!G4:G73,"6호차",구역3!E4:E73,"*"&$B31&"*")+COUNTIFS(구역3!G4:G73,"7호차",구역3!E4:E73,"*"&$B31&"*")+COUNTIFS(구역3!G4:G73,"8호차",구역3!E4:E73,"*"&$B31&"*")+COUNTIFS(구역3!G4:G73,"9호차",구역3!E4:E73,"*"&$B31&"*")+COUNTIFS(구역3!G4:G73,"10호차",구역3!E4:E73,"*"&$B31&"*")=0,"",COUNTIFS(구역3!G4:G73,"1호차",구역3!E4:E73,"*"&$B31&"*")+COUNTIFS(구역3!G4:G73,"2호차",구역3!E4:E73,"*"&$B31&"*")+COUNTIFS(구역3!G4:G73,"3호차",구역3!E4:E73,"*"&$B31&"*")+COUNTIFS(구역3!G4:G73,"4호차",구역3!E4:E73,"*"&$B31&"*")+COUNTIFS(구역3!G4:G73,"5호차",구역3!E4:E73,"*"&$B31&"*")+COUNTIFS(구역3!G4:G73,"6호차",구역3!E4:E73,"*"&$B31&"*")+COUNTIFS(구역3!G4:G73,"7호차",구역3!E4:E73,"*"&$B31&"*")+COUNTIFS(구역3!G4:G73,"8호차",구역3!E4:E73,"*"&$B31&"*")+COUNTIFS(구역3!G4:G73,"9호차",구역3!E4:E73,"*"&$B31&"*")+COUNTIFS(구역3!G4:G73,"10호차",구역3!E4:E73,"*"&$B31&"*")) | D6: =IF(COUNTIFS(구역3!F4:F73,"교회차1",구역3!E4:E73,"*"&$B31&"*")+COUNTIFS(구역3!F4:F73,"교회차2",구역3!E4:E73,"*"&$B31&"*")+COUNTIFS(구역3!F4:F73,"교회차3",구역3!E4:E73,"*"&$B31&"*")+COUNTIFS(구역3!F4:F73,"교회차4",구역3!E4:E73,"*"&$B31&"*")+COUNTIFS(구역3!F4:F73,"교회차5",구역3!E4:E73,"*"&$B31&"*")+COUNTIFS(구역3!H4:H73,"*교회차*",구역3!E4:E73,"*"&$B31&"*")=0,"",COUNTIFS(구역3!F4:F73,"교회차1",구역3!E4:E73,"*"&$B31&"*")+COUNTIFS(구역3!F4:F73,"교회차2",구역3!E4:E73,"*"&$B31&"*")+COUNTIFS(구역3!F4:F73,"교회차3",구역3!E4:E73,"*"&$B31&"*")+COUNTIFS(구역3!F4:F73,"교회차4",구역3!E4:E73,"*"&$B31&"*")+COUNTIFS(구역3!F4:F73,"교회차5",구역3!E4:E73,"*"&$B31&"*")+COUNTIFS(구역3!H4:H73,"*교회차*",구역3!E4:E73,"*"&$B31&"*")) | E6: =IF(COUNTIFS(구역3!G4:G73,"교회차1",구역3!E4:E73,"*"&$B31&"*")+COUNTIFS(구역3!G4:G73,"교회차2",구역3!E4:E73,"*"&$B31&"*")+COUNTIFS(구역3!G4:G73,"교회차3",구역3!E4:E73,"*"&$B31&"*")+COUNTIFS(구역3!G4:G73,"교회차4",구역3!E4:E73,"*"&$B31&"*")+COUNTIFS(구역3!G4:G73,"교회차5",구역3!E4:E73,"*"&$B31&"*")+COUNTIFS(구역3!J4:J73,"*교회차*",구역3!E4:E73,"*"&$B31&"*")=0,"",COUNTIFS(구역3!G4:G73,"교회차1",구역3!E4:E73,"*"&$B31&"*")+COUNTIFS(구역3!G4:G73,"교회차2",구역3!E4:E73,"*"&$B31&"*")+COUNTIFS(구역3!G4:G73,"교회차3",구역3!E4:E73,"*"&$B31&"*")+COUNTIFS(구역3!G4:G73,"교회차4",구역3!E4:E73,"*"&$B31&"*")+COUNTIFS(구역3!G4:G73,"교회차5",구역3!E4:E73,"*"&$B31&"*")+COUNTIFS(구역3!J4:J73,"*교회차*",구역3!E4:E73,"*"&$B31&"*")) | F6: =IF(COUNTIFS(구역3!F4:F73,"타교회",구역3!E4:E73,"*"&$B31&"*")+COUNTIFS(구역3!H4:H73,"*타교회*",구역3!E4:E73,"*"&$B31&"*")=0,"",COUNTIFS(구역3!F4:F73,"타교회",구역3!E4:E73,"*"&$B31&"*")+COUNTIFS(구역3!H4:H73,"*타교회*",구역3!E4:E73,"*"&$B31&"*")) | G6: =IF(COUNTIFS(구역3!G4:G73,"타교회",구역3!E4:E73,"*"&$B31&"*")+COUNTIFS(구역3!J4:J73,"*타교회*",구역3!E4:E73,"*"&$B31&"*")=0,"",COUNTIFS(구역3!G4:G73,"타교회",구역3!E4:E73,"*"&$B31&"*")+COUNTIFS(구역3!J4:J73,"*타교회*",구역3!E4:E73,"*"&$B31&"*")) | H6: =IF(COUNTIFS(구역3!F4:F73,"개인차",구역3!E4:E73,"*"&$B31&"*")+(COUNTIFS(구역3!H4:H73,"?*",구역3!E4:E73,"*"&$B31&"*")-COUNTIFS(구역3!H4:H73,"*교회차*",구역3!E4:E73,"*"&$B31&"*")-COUNTIFS(구역3!H4:H73,"*타교회*",구역3!E4:E73,"*"&$B31&"*")-COUNTIFS(구역3!H4:H73,"*대중교통*",구역3!E4:E73,"*"&$B31&"*"))=0,"",COUNTIFS(구역3!F4:F73,"개인차",구역3!E4:E73,"*"&$B31&"*")+(COUNTIFS(구역3!H4:H73,"?*",구역3!E4:E73,"*"&$B31&"*")-COUNTIFS(구역3!H4:H73,"*교회차*",구역3!E4:E73,"*"&$B31&"*")-COUNTIFS(구역3!H4:H73,"*타교회*",구역3!E4:E73,"*"&$B31&"*")-COUNTIFS(구역3!H4:H73,"*대중교통*",구역3!E4:E73,"*"&$B31&"*"))) | I6: =IF(COUNTIFS(구역3!G4:G73,"개인차",구역3!E4:E73,"*"&$B31&"*")+(COUNTIFS(구역3!J4:J73,"?*",구역3!E4:E73,"*"&$B31&"*")-COUNTIFS(구역3!J4:J73,"*교회차*",구역3!E4:E73,"*"&$B31&"*")-COUNTIFS(구역3!J4:J73,"*타교회*",구역3!E4:E73,"*"&$B31&"*")-COUNTIFS(구역3!J4:J73,"*대중교통*",구역3!E4:E73,"*"&$B31&"*"))=0,"",COUNTIFS(구역3!G4:G73,"개인차",구역3!E4:E73,"*"&$B31&"*")+(COUNTIFS(구역3!J4:J73,"?*",구역3!E4:E73,"*"&$B31&"*")-COUNTIFS(구역3!J4:J73,"*교회차*",구역3!E4:E73,"*"&$B31&"*")-COUNTIFS(구역3!J4:J73,"*타교회*",구역3!E4:E73,"*"&$B31&"*")-COUNTIFS(구역3!J4:J73,"*대중교통*",구역3!E4:E73,"*"&$B31&"*"))) | J6: =IF(COUNTIFS(구역3!F4:F73,"대중교통",구역3!E4:E73,"*"&$B31&"*")+COUNTIFS(구역3!H4:H73,"*대중교통*",구역3!E4:E73,"*"&$B31&"*")=0,"",COUNTIFS(구역3!F4:F73,"대중교통",구역3!E4:E73,"*"&$B31&"*")+COUNTIFS(구역3!H4:H73,"*대중교통*",구역3!E4:E73,"*"&$B31&"*")) | K6: =IF(COUNTIFS(구역3!G4:G73,"대중교통",구역3!E4:E73,"*"&$B31&"*")+COUNTIFS(구역3!J4:J73,"*대중교통*",구역3!E4:E73,"*"&$B31&"*")=0,"",COUNTIFS(구역3!G4:G73,"대중교통",구역3!E4:E73,"*"&$B31&"*")+COUNTIFS(구역3!J4:J73,"*대중교통*",구역3!E4:E73,"*"&$B31&"*")) | L6: =IF(SUM(B6,D6,F6,H6,J6)=0,"",SUM(B6,D6,F6,H6,J6))
A7: 구역4 | B7: =IF(COUNTIFS(구역4!F4:F73,"1호차",구역4!E4:E73,"*"&$B31&"*")+COUNTIFS(구역4!F4:F73,"2호차",구역4!E4:E73,"*"&$B31&"*")+COUNTIFS(구역4!F4:F73,"3호차",구역4!E4:E73,"*"&$B31&"*")+COUNTIFS(구역4!F4:F73,"4호차",구역4!E4:E73,"*"&$B31&"*")+COUNTIFS(구역4!F4:F73,"5호차",구역4!E4:E73,"*"&$B31&"*")+COUNTIFS(구역4!F4:F73,"6호차",구역4!E4:E73,"*"&$B31&"*")+COUNTIFS(구역4!F4:F73,"7호차",구역4!E4:E73,"*"&$B31&"*")+COUNTIFS(구역4!F4:F73,"8호차",구역4!E4:E73,"*"&$B31&"*")+COUNTIFS(구역4!F4:F73,"9호차",구역4!E4:E73,"*"&$B31&"*")+COUNTIFS(구역4!F4:F73,"10호차",구역4!E4:E73,"*"&$B31&"*")=0,"",COUNTIFS(구역4!F4:F73,"1호차",구역4!E4:E73,"*"&$B31&"*")+COUNTIFS(구역4!F4:F73,"2호차",구역4!E4:E73,"*"&$B31&"*")+COUNTIFS(구역4!F4:F73,"3호차",구역4!E4:E73,"*"&$B31&"*")+COUNTIFS(구역4!F4:F73,"4호차",구역4!E4:E73,"*"&$B31&"*")+COUNTIFS(구역4!F4:F73,"5호차",구역4!E4:E73,"*"&$B31&"*")+COUNTIFS(구역4!F4:F73,"6호차",구역4!E4:E73,"*"&$B31&"*")+COUNTIFS(구역4!F4:F73,"7호차",구역4!E4:E73,"*"&$B31&"*")+COUNTIFS(구역4!F4:F73,"8호차",구역4!E4:E73,"*"&$B31&"*")+COUNTIFS(구역4!F4:F73,"9호차",구역4!E4:E73,"*"&$B31&"*")+COUNTIFS(구역4!F4:F73,"10호차",구역4!E4:E73,"*"&$B31&"*")) | C7: =IF(COUNTIFS(구역4!G4:G73,"1호차",구역4!E4:E73,"*"&$B31&"*")+COUNTIFS(구역4!G4:G73,"2호차",구역4!E4:E73,"*"&$B31&"*")+COUNTIFS(구역4!G4:G73,"3호차",구역4!E4:E73,"*"&$B31&"*")+COUNTIFS(구역4!G4:G73,"4호차",구역4!E4:E73,"*"&$B31&"*")+COUNTIFS(구역4!G4:G73,"5호차",구역4!E4:E73,"*"&$B31&"*")+COUNTIFS(구역4!G4:G73,"6호차",구역4!E4:E73,"*"&$B31&"*")+COUNTIFS(구역4!G4:G73,"7호차",구역4!E4:E73,"*"&$B31&"*")+COUNTIFS(구역4!G4:G73,"8호차",구역4!E4:E73,"*"&$B31&"*")+COUNTIFS(구역4!G4:G73,"9호차",구역4!E4:E73,"*"&$B31&"*")+COUNTIFS(구역4!G4:G73,"10호차",구역4!E4:E73,"*"&$B31&"*")=0,"",COUNTIFS(구역4!G4:G73,"1호차",구역4!E4:E73,"*"&$B31&"*")+COUNTIFS(구역4!G4:G73,"2호차",구역4!E4:E73,"*"&$B31&"*")+COUNTIFS(구역4!G4:G73,"3호차",구역4!E4:E73,"*"&$B31&"*")+COUNTIFS(구역4!G4:G73,"4호차",구역4!E4:E73,"*"&$B31&"*")+COUNTIFS(구역4!G4:G73,"5호차",구역4!E4:E73,"*"&$B31&"*")+COUNTIFS(구역4!G4:G73,"6호차",구역4!E4:E73,"*"&$B31&"*")+COUNTIFS(구역4!G4:G73,"7호차",구역4!E4:E73,"*"&$B31&"*")+COUNTIFS(구역4!G4:G73,"8호차",구역4!E4:E73,"*"&$B31&"*")+COUNTIFS(구역4!G4:G73,"9호차",구역4!E4:E73,"*"&$B31&"*")+COUNTIFS(구역4!G4:G73,"10호차",구역4!E4:E73,"*"&$B31&"*")) | D7: =IF(COUNTIFS(구역4!F4:F73,"교회차1",구역4!E4:E73,"*"&$B31&"*")+COUNTIFS(구역4!F4:F73,"교회차2",구역4!E4:E73,"*"&$B31&"*")+COUNTIFS(구역4!F4:F73,"교회차3",구역4!E4:E73,"*"&$B31&"*")+COUNTIFS(구역4!F4:F73,"교회차4",구역4!E4:E73,"*"&$B31&"*")+COUNTIFS(구역4!F4:F73,"교회차5",구역4!E4:E73,"*"&$B31&"*")+COUNTIFS(구역4!H4:H73,"*교회차*",구역4!E4:E73,"*"&$B31&"*")=0,"",COUNTIFS(구역4!F4:F73,"교회차1",구역4!E4:E73,"*"&$B31&"*")+COUNTIFS(구역4!F4:F73,"교회차2",구역4!E4:E73,"*"&$B31&"*")+COUNTIFS(구역4!F4:F73,"교회차3",구역4!E4:E73,"*"&$B31&"*")+COUNTIFS(구역4!F4:F73,"교회차4",구역4!E4:E73,"*"&$B31&"*")+COUNTIFS(구역4!F4:F73,"교회차5",구역4!E4:E73,"*"&$B31&"*")+COUNTIFS(구역4!H4:H73,"*교회차*",구역4!E4:E73,"*"&$B31&"*")) | E7: =IF(COUNTIFS(구역4!G4:G73,"교회차1",구역4!E4:E73,"*"&$B31&"*")+COUNTIFS(구역4!G4:G73,"교회차2",구역4!E4:E73,"*"&$B31&"*")+COUNTIFS(구역4!G4:G73,"교회차3",구역4!E4:E73,"*"&$B31&"*")+COUNTIFS(구역4!G4:G73,"교회차4",구역4!E4:E73,"*"&$B31&"*")+COUNTIFS(구역4!G4:G73,"교회차5",구역4!E4:E73,"*"&$B31&"*")+COUNTIFS(구역4!J4:J73,"*교회차*",구역4!E4:E73,"*"&$B31&"*")=0,"",COUNTIFS(구역4!G4:G73,"교회차1",구역4!E4:E73,"*"&$B31&"*")+COUNTIFS(구역4!G4:G73,"교회차2",구역4!E4:E73,"*"&$B31&"*")+COUNTIFS(구역4!G4:G73,"교회차3",구역4!E4:E73,"*"&$B31&"*")+COUNTIFS(구역4!G4:G73,"교회차4",구역4!E4:E73,"*"&$B31&"*")+COUNTIFS(구역4!G4:G73,"교회차5",구역4!E4:E73,"*"&$B31&"*")+COUNTIFS(구역4!J4:J73,"*교회차*",구역4!E4:E73,"*"&$B31&"*")) | F7: =IF(COUNTIFS(구역4!F4:F73,"타교회",구역4!E4:E73,"*"&$B31&"*")+COUNTIFS(구역4!H4:H73,"*타교회*",구역4!E4:E73,"*"&$B31&"*")=0,"",COUNTIFS(구역4!F4:F73,"타교회",구역4!E4:E73,"*"&$B31&"*")+COUNTIFS(구역4!H4:H73,"*타교회*",구역4!E4:E73,"*"&$B31&"*")) | G7: =IF(COUNTIFS(구역4!G4:G73,"타교회",구역4!E4:E73,"*"&$B31&"*")+COUNTIFS(구역4!J4:J73,"*타교회*",구역4!E4:E73,"*"&$B31&"*")=0,"",COUNTIFS(구역4!G4:G73,"타교회",구역4!E4:E73,"*"&$B31&"*")+COUNTIFS(구역4!J4:J73,"*타교회*",구역4!E4:E73,"*"&$B31&"*")) | H7: =IF(COUNTIFS(구역4!F4:F73,"개인차",구역4!E4:E73,"*"&$B31&"*")+(COUNTIFS(구역4!H4:H73,"?*",구역4!E4:E73,"*"&$B31&"*")-COUNTIFS(구역4!H4:H73,"*교회차*",구역4!E4:E73,"*"&$B31&"*")-COUNTIFS(구역4!H4:H73,"*타교회*",구역4!E4:E73,"*"&$B31&"*")-COUNTIFS(구역4!H4:H73,"*대중교통*",구역4!E4:E73,"*"&$B31&"*"))=0,"",COUNTIFS(구역4!F4:F73,"개인차",구역4!E4:E73,"*"&$B31&"*")+(COUNTIFS(구역4!H4:H73,"?*",구역4!E4:E73,"*"&$B31&"*")-COUNTIFS(구역4!H4:H73,"*교회차*",구역4!E4:E73,"*"&$B31&"*")-COUNTIFS(구역4!H4:H73,"*타교회*",구역4!E4:E73,"*"&$B31&"*")-COUNTIFS(구역4!H4:H73,"*대중교통*",구역4!E4:E73,"*"&$B31&"*"))) | I7: =IF(COUNTIFS(구역4!G4:G73,"개인차",구역4!E4:E73,"*"&$B31&"*")+(COUNTIFS(구역4!J4:J73,"?*",구역4!E4:E73,"*"&$B31&"*")-COUNTIFS(구역4!J4:J73,"*교회차*",구역4!E4:E73,"*"&$B31&"*")-COUNTIFS(구역4!J4:J73,"*타교회*",구역4!E4:E73,"*"&$B31&"*")-COUNTIFS(구역4!J4:J73,"*대중교통*",구역4!E4:E73,"*"&$B31&"*"))=0,"",COUNTIFS(구역4!G4:G73,"개인차",구역4!E4:E73,"*"&$B31&"*")+(COUNTIFS(구역4!J4:J73,"?*",구역4!E4:E73,"*"&$B31&"*")-COUNTIFS(구역4!J4:J73,"*교회차*",구역4!E4:E73,"*"&$B31&"*")-COUNTIFS(구역4!J4:J73,"*타교회*",구역4!E4:E73,"*"&$B31&"*")-COUNTIFS(구역4!J4:J73,"*대중교통*",구역4!E4:E73,"*"&$B31&"*"))) | J7: =IF(COUNTIFS(구역4!F4:F73,"대중교통",구역4!E4:E73,"*"&$B31&"*")+COUNTIFS(구역4!H4:H73,"*대중교통*",구역4!E4:E73,"*"&$B31&"*")=0,"",COUNTIFS(구역4!F4:F73,"대중교통",구역4!E4:E73,"*"&$B31&"*")+COUNTIFS(구역4!H4:H73,"*대중교통*",구역4!E4:E73,"*"&$B31&"*")) | K7: =IF(COUNTIFS(구역4!G4:G73,"대중교통",구역4!E4:E73,"*"&$B31&"*")+COUNTIFS(구역4!J4:J73,"*대중교통*",구역4!E4:E73,"*"&$B31&"*")=0,"",COUNTIFS(구역4!G4:G73,"대중교통",구역4!E4:E73,"*"&$B31&"*")+COUNTIFS(구역4!J4:J73,"*대중교통*",구역4!E4:E73,"*"&$B31&"*")) | L7: =IF(SUM(B7,D7,F7,H7,J7)=0,"",SUM(B7,D7,F7,H7,J7))
A8: 구역5 | B8: =IF(COUNTIFS(구역5!F4:F73,"1호차",구역5!E4:E73,"*"&$B31&"*")+COUNTIFS(구역5!F4:F73,"2호차",구역5!E4:E73,"*"&$B31&"*")+COUNTIFS(구역5!F4:F73,"3호차",구역5!E4:E73,"*"&$B31&"*")+COUNTIFS(구역5!F4:F73,"4호차",구역5!E4:E73,"*"&$B31&"*")+COUNTIFS(구역5!F4:F73,"5호차",구역5!E4:E73,"*"&$B31&"*")+COUNTIFS(구역5!F4:F73,"6호차",구역5!E4:E73,"*"&$B31&"*")+COUNTIFS(구역5!F4:F73,"7호차",구역5!E4:E73,"*"&$B31&"*")+COUNTIFS(구역5!F4:F73,"8호차",구역5!E4:E73,"*"&$B31&"*")+COUNTIFS(구역5!F4:F73,"9호차",구역5!E4:E73,"*"&$B31&"*")+COUNTIFS(구역5!F4:F73,"10호차",구역5!E4:E73,"*"&$B31&"*")=0,"",COUNTIFS(구역5!F4:F73,"1호차",구역5!E4:E73,"*"&$B31&"*")+COUNTIFS(구역5!F4:F73,"2호차",구역5!E4:E73,"*"&$B31&"*")+COUNTIFS(구역5!F4:F73,"3호차",구역5!E4:E73,"*"&$B31&"*")+COUNTIFS(구역5!F4:F73,"4호차",구역5!E4:E73,"*"&$B31&"*")+COUNTIFS(구역5!F4:F73,"5호차",구역5!E4:E73,"*"&$B31&"*")+COUNTIFS(구역5!F4:F73,"6호차",구역5!E4:E73,"*"&$B31&"*")+COUNTIFS(구역5!F4:F73,"7호차",구역5!E4:E73,"*"&$B31&"*")+COUNTIFS(구역5!F4:F73,"8호차",구역5!E4:E73,"*"&$B31&"*")+COUNTIFS(구역5!F4:F73,"9호차",구역5!E4:E73,"*"&$B31&"*")+COUNTIFS(구역5!F4:F73,"10호차",구역5!E4:E73,"*"&$B31&"*")) | C8: =IF(COUNTIFS(구역5!G4:G73,"1호차",구역5!E4:E73,"*"&$B31&"*")+COUNTIFS(구역5!G4:G73,"2호차",구역5!E4:E73,"*"&$B31&"*")+COUNTIFS(구역5!G4:G73,"3호차",구역5!E4:E73,"*"&$B31&"*")+COUNTIFS(구역5!G4:G73,"4호차",구역5!E4:E73,"*"&$B31&"*")+COUNTIFS(구역5!G4:G73,"5호차",구역5!E4:E73,"*"&$B31&"*")+COUNTIFS(구역5!G4:G73,"6호차",구역5!E4:E73,"*"&$B31&"*")+COUNTIFS(구역5!G4:G73,"7호차",구역5!E4:E73,"*"&$B31&"*")+COUNTIFS(구역5!G4:G73,"8호차",구역5!E4:E73,"*"&$B31&"*")+COUNTIFS(구역5!G4:G73,"9호차",구역5!E4:E73,"*"&$B31&"*")+COUNTIFS(구역5!G4:G73,"10호차",구역5!E4:E73,"*"&$B31&"*")=0,"",COUNTIFS(구역5!G4:G73,"1호차",구역5!E4:E73,"*"&$B31&"*")+COUNTIFS(구역5!G4:G73,"2호차",구역5!E4:E73,"*"&$B31&"*")+COUNTIFS(구역5!G4:G73,"3호차",구역5!E4:E73,"*"&$B31&"*")+COUNTIFS(구역5!G4:G73,"4호차",구역5!E4:E73,"*"&$B31&"*")+COUNTIFS(구역5!G4:G73,"5호차",구역5!E4:E73,"*"&$B31&"*")+COUNTIFS(구역5!G4:G73,"6호차",구역5!E4:E73,"*"&$B31&"*")+COUNTIFS(구역5!G4:G73,"7호차",구역5!E4:E73,"*"&$B31&"*")+COUNTIFS(구역5!G4:G73,"8호차",구역5!E4:E73,"*"&$B31&"*")+COUNTIFS(구역5!G4:G73,"9호차",구역5!E4:E73,"*"&$B31&"*")+COUNTIFS(구역5!G4:G73,"10호차",구역5!E4:E73,"*"&$B31&"*")) | D8: =IF(COUNTIFS(구역5!F4:F73,"교회차1",구역5!E4:E73,"*"&$B31&"*")+COUNTIFS(구역5!F4:F73,"교회차2",구역5!E4:E73,"*"&$B31&"*")+COUNTIFS(구역5!F4:F73,"교회차3",구역5!E4:E73,"*"&$B31&"*")+COUNTIFS(구역5!F4:F73,"교회차4",구역5!E4:E73,"*"&$B31&"*")+COUNTIFS(구역5!F4:F73,"교회차5",구역5!E4:E73,"*"&$B31&"*")+COUNTIFS(구역5!H4:H73,"*교회차*",구역5!E4:E73,"*"&$B31&"*")=0,"",COUNTIFS(구역5!F4:F73,"교회차1",구역5!E4:E73,"*"&$B31&"*")+COUNTIFS(구역5!F4:F73,"교회차2",구역5!E4:E73,"*"&$B31&"*")+COUNTIFS(구역5!F4:F73,"교회차3",구역5!E4:E73,"*"&$B31&"*")+COUNTIFS(구역5!F4:F73,"교회차4",구역5!E4:E73,"*"&$B31&"*")+COUNTIFS(구역5!F4:F73,"교회차5",구역5!E4:E73,"*"&$B31&"*")+COUNTIFS(구역5!H4:H73,"*교회차*",구역5!E4:E73,"*"&$B31&"*")) | E8: =IF(COUNTIFS(구역5!G4:G73,"교회차1",구역5!E4:E73,"*"&$B31&"*")+COUNTIFS(구역5!G4:G73,"교회차2",구역5!E4:E73,"*"&$B31&"*")+COUNTIFS(구역5!G4:G73,"교회차3",구역5!E4:E73,"*"&$B31&"*")+COUNTIFS(구역5!G4:G73,"교회차4",구역5!E4:E73,"*"&$B31&"*")+COUNTIFS(구역5!G4:G73,"교회차5",구역5!E4:E73,"*"&$B31&"*")+COUNTIFS(구역5!J4:J73,"*교회차*",구역5!E4:E73,"*"&$B31&"*")=0,"",COUNTIFS(구역5!G4:G73,"교회차1",구역5!E4:E73,"*"&$B31&"*")+COUNTIFS(구역5!G4:G73,"교회차2",구역5!E4:E73,"*"&$B31&"*")+COUNTIFS(구역5!G4:G73,"교회차3",구역5!E4:E73,"*"&$B31&"*")+COUNTIFS(구역5!G4:G73,"교회차4",구역5!E4:E73,"*"&$B31&"*")+COUNTIFS(구역5!G4:G73,"교회차5",구역5!E4:E73,"*"&$B31&"*")+COUNTIFS(구역5!J4:J73,"*교회차*",구역5!E4:E73,"*"&$B31&"*")) | F8: =IF(COUNTIFS(구역5!F4:F73,"타교회",구역5!E4:E73,"*"&$B31&"*")+COUNTIFS(구역5!H4:H73,"*타교회*",구역5!E4:E73,"*"&$B31&"*")=0,"",COUNTIFS(구역5!F4:F73,"타교회",구역5!E4:E73,"*"&$B31&"*")+COUNTIFS(구역5!H4:H73,"*타교회*",구역5!E4:E73,"*"&$B31&"*")) | G8: =IF(COUNTIFS(구역5!G4:G73,"타교회",구역5!E4:E73,"*"&$B31&"*")+COUNTIFS(구역5!J4:J73,"*타교회*",구역5!E4:E73,"*"&$B31&"*")=0,"",COUNTIFS(구역5!G4:G73,"타교회",구역5!E4:E73,"*"&$B31&"*")+COUNTIFS(구역5!J4:J73,"*타교회*",구역5!E4:E73,"*"&$B31&"*")) | H8: =IF(COUNTIFS(구역5!F4:F73,"개인차",구역5!E4:E73,"*"&$B31&"*")+(COUNTIFS(구역5!H4:H73,"?*",구역5!E4:E73,"*"&$B31&"*")-COUNTIFS(구역5!H4:H73,"*교회차*",구역5!E4:E73,"*"&$B31&"*")-COUNTIFS(구역5!H4:H73,"*타교회*",구역5!E4:E73,"*"&$B31&"*")-COUNTIFS(구역5!H4:H73,"*대중교통*",구역5!E4:E73,"*"&$B31&"*"))=0,"",COUNTIFS(구역5!F4:F73,"개인차",구역5!E4:E73,"*"&$B31&"*")+(COUNTIFS(구역5!H4:H73,"?*",구역5!E4:E73,"*"&$B31&"*")-COUNTIFS(구역5!H4:H73,"*교회차*",구역5!E4:E73,"*"&$B31&"*")-COUNTIFS(구역5!H4:H73,"*타교회*",구역5!E4:E73,"*"&$B31&"*")-COUNTIFS(구역5!H4:H73,"*대중교통*",구역5!E4:E73,"*"&$B31&"*"))) | I8: =IF(COUNTIFS(구역5!G4:G73,"개인차",구역5!E4:E73,"*"&$B31&"*")+(COUNTIFS(구역5!J4:J73,"?*",구역5!E4:E73,"*"&$B31&"*")-COUNTIFS(구역5!J4:J73,"*교회차*",구역5!E4:E73,"*"&$B31&"*")-COUNTIFS(구역5!J4:J73,"*타교회*",구역5!E4:E73,"*"&$B31&"*")-COUNTIFS(구역5!J4:J73,"*대중교통*",구역5!E4:E73,"*"&$B31&"*"))=0,"",COUNTIFS(구역5!G4:G73,"개인차",구역5!E4:E73,"*"&$B31&"*")+(COUNTIFS(구역5!J4:J73,"?*",구역5!E4:E73,"*"&$B31&"*")-COUNTIFS(구역5!J4:J73,"*교회차*",구역5!E4:E73,"*"&$B31&"*")-COUNTIFS(구역5!J4:J73,"*타교회*",구역5!E4:E73,"*"&$B31&"*")-COUNTIFS(구역5!J4:J73,"*대중교통*",구역5!E4:E73,"*"&$B31&"*"))) | J8: =IF(COUNTIFS(구역5!F4:F73,"대중교통",구역5!E4:E73,"*"&$B31&"*")+COUNTIFS(구역5!H4:H73,"*대중교통*",구역5!E4:E73,"*"&$B31&"*")=0,"",COUNTIFS(구역5!F4:F73,"대중교통",구역5!E4:E73,"*"&$B31&"*")+COUNTIFS(구역5!H4:H73,"*대중교통*",구역5!E4:E73,"*"&$B31&"*")) | K8: =IF(COUNTIFS(구역5!G4:G73,"대중교통",구역5!E4:E73,"*"&$B31&"*")+COUNTIFS(구역5!J4:J73,"*대중교통*",구역5!E4:E73,"*"&$B31&"*")=0,"",COUNTIFS(구역5!G4:G73,"대중교통",구역5!E4:E73,"*"&$B31&"*")+COUNTIFS(구역5!J4:J73,"*대중교통*",구역5!E4:E73,"*"&$B31&"*")) | L8: =IF(SUM(B8,D8,F8,H8,J8)=0,"",SUM(B8,D8,F8,H8,J8))
A9: 구역6 | B9: =IF(COUNTIFS(구역6!F4:F73,"1호차",구역6!E4:E73,"*"&$B31&"*")+COUNTIFS(구역6!F4:F73,"2호차",구역6!E4:E73,"*"&$B31&"*")+COUNTIFS(구역6!F4:F73,"3호차",구역6!E4:E73,"*"&$B31&"*")+COUNTIFS(구역6!F4:F73,"4호차",구역6!E4:E73,"*"&$B31&"*")+COUNTIFS(구역6!F4:F73,"5호차",구역6!E4:E73,"*"&$B31&"*")+COUNTIFS(구역6!F4:F73,"6호차",구역6!E4:E73,"*"&$B31&"*")+COUNTIFS(구역6!F4:F73,"7호차",구역6!E4:E73,"*"&$B31&"*")+COUNTIFS(구역6!F4:F73,"8호차",구역6!E4:E73,"*"&$B31&"*")+COUNTIFS(구역6!F4:F73,"9호차",구역6!E4:E73,"*"&$B31&"*")+COUNTIFS(구역6!F4:F73,"10호차",구역6!E4:E73,"*"&$B31&"*")=0,"",COUNTIFS(구역6!F4:F73,"1호차",구역6!E4:E73,"*"&$B31&"*")+COUNTIFS(구역6!F4:F73,"2호차",구역6!E4:E73,"*"&$B31&"*")+COUNTIFS(구역6!F4:F73,"3호차",구역6!E4:E73,"*"&$B31&"*")+COUNTIFS(구역6!F4:F73,"4호차",구역6!E4:E73,"*"&$B31&"*")+COUNTIFS(구역6!F4:F73,"5호차",구역6!E4:E73,"*"&$B31&"*")+COUNTIFS(구역6!F4:F73,"6호차",구역6!E4:E73,"*"&$B31&"*")+COUNTIFS(구역6!F4:F73,"7호차",구역6!E4:E73,"*"&$B31&"*")+COUNTIFS(구역6!F4:F73,"8호차",구역6!E4:E73,"*"&$B31&"*")+COUNTIFS(구역6!F4:F73,"9호차",구역6!E4:E73,"*"&$B31&"*")+COUNTIFS(구역6!F4:F73,"10호차",구역6!E4:E73,"*"&$B31&"*")) | C9: =IF(COUNTIFS(구역6!G4:G73,"1호차",구역6!E4:E73,"*"&$B31&"*")+COUNTIFS(구역6!G4:G73,"2호차",구역6!E4:E73,"*"&$B31&"*")+COUNTIFS(구역6!G4:G73,"3호차",구역6!E4:E73,"*"&$B31&"*")+COUNTIFS(구역6!G4:G73,"4호차",구역6!E4:E73,"*"&$B31&"*")+COUNTIFS(구역6!G4:G73,"5호차",구역6!E4:E73,"*"&$B31&"*")+COUNTIFS(구역6!G4:G73,"6호차",구역6!E4:E73,"*"&$B31&"*")+COUNTIFS(구역6!G4:G73,"7호차",구역6!E4:E73,"*"&$B31&"*")+COUNTIFS(구역6!G4:G73,"8호차",구역6!E4:E73,"*"&$B31&"*")+COUNTIFS(구역6!G4:G73,"9호차",구역6!E4:E73,"*"&$B31&"*")+COUNTIFS(구역6!G4:G73,"10호차",구역6!E4:E73,"*"&$B31&"*")=0,"",COUNTIFS(구역6!G4:G73,"1호차",구역6!E4:E73,"*"&$B31&"*")+COUNTIFS(구역6!G4:G73,"2호차",구역6!E4:E73,"*"&$B31&"*")+COUNTIFS(구역6!G4:G73,"3호차",구역6!E4:E73,"*"&$B31&"*")+COUNTIFS(구역6!G4:G73,"4호차",구역6!E4:E73,"*"&$B31&"*")+COUNTIFS(구역6!G4:G73,"5호차",구역6!E4:E73,"*"&$B31&"*")+COUNTIFS(구역6!G4:G73,"6호차",구역6!E4:E73,"*"&$B31&"*")+COUNTIFS(구역6!G4:G73,"7호차",구역6!E4:E73,"*"&$B31&"*")+COUNTIFS(구역6!G4:G73,"8호차",구역6!E4:E73,"*"&$B31&"*")+COUNTIFS(구역6!G4:G73,"9호차",구역6!E4:E73,"*"&$B31&"*")+COUNTIFS(구역6!G4:G73,"10호차",구역6!E4:E73,"*"&$B31&"*")) | D9: =IF(COUNTIFS(구역6!F4:F73,"교회차1",구역6!E4:E73,"*"&$B31&"*")+COUNTIFS(구역6!F4:F73,"교회차2",구역6!E4:E73,"*"&$B31&"*")+COUNTIFS(구역6!F4:F73,"교회차3",구역6!E4:E73,"*"&$B31&"*")+COUNTIFS(구역6!F4:F73,"교회차4",구역6!E4:E73,"*"&$B31&"*")+COUNTIFS(구역6!F4:F73,"교회차5",구역6!E4:E73,"*"&$B31&"*")+COUNTIFS(구역6!H4:H73,"*교회차*",구역6!E4:E73,"*"&$B31&"*")=0,"",COUNTIFS(구역6!F4:F73,"교회차1",구역6!E4:E73,"*"&$B31&"*")+COUNTIFS(구역6!F4:F73,"교회차2",구역6!E4:E73,"*"&$B31&"*")+COUNTIFS(구역6!F4:F73,"교회차3",구역6!E4:E73,"*"&$B31&"*")+COUNTIFS(구역6!F4:F73,"교회차4",구역6!E4:E73,"*"&$B31&"*")+COUNTIFS(구역6!F4:F73,"교회차5",구역6!E4:E73,"*"&$B31&"*")+COUNTIFS(구역6!H4:H73,"*교회차*",구역6!E4:E73,"*"&$B31&"*")) | E9: =IF(COUNTIFS(구역6!G4:G73,"교회차1",구역6!E4:E73,"*"&$B31&"*")+COUNTIFS(구역6!G4:G73,"교회차2",구역6!E4:E73,"*"&$B31&"*")+COUNTIFS(구역6!G4:G73,"교회차3",구역6!E4:E73,"*"&$B31&"*")+COUNTIFS(구역6!G4:G73,"교회차4",구역6!E4:E73,"*"&$B31&"*")+COUNTIFS(구역6!G4:G73,"교회차5",구역6!E4:E73,"*"&$B31&"*")+COUNTIFS(구역6!J4:J73,"*교회차*",구역6!E4:E73,"*"&$B31&"*")=0,"",COUNTIFS(구역6!G4:G73,"교회차1",구역6!E4:E73,"*"&$B31&"*")+COUNTIFS(구역6!G4:G73,"교회차2",구역6!E4:E73,"*"&$B31&"*")+COUNTIFS(구역6!G4:G73,"교회차3",구역6!E4:E73,"*"&$B31&"*")+COUNTIFS(구역6!G4:G73,"교회차4",구역6!E4:E73,"*"&$B31&"*")+COUNTIFS(구역6!G4:G73,"교회차5",구역6!E4:E73,"*"&$B31&"*")+COUNTIFS(구역6!J4:J73,"*교회차*",구역6!E4:E73,"*"&$B31&"*")) | F9: =IF(COUNTIFS(구역6!F4:F73,"타교회",구역6!E4:E73,"*"&$B31&"*")+COUNTIFS(구역6!H4:H73,"*타교회*",구역6!E4:E73,"*"&$B31&"*")=0,"",COUNTIFS(구역6!F4:F73,"타교회",구역6!E4:E73,"*"&$B31&"*")+COUNTIFS(구역6!H4:H73,"*타교회*",구역6!E4:E73,"*"&$B31&"*")) | G9: =IF(COUNTIFS(구역6!G4:G73,"타교회",구역6!E4:E73,"*"&$B31&"*")+COUNTIFS(구역6!J4:J73,"*타교회*",구역6!E4:E73,"*"&$B31&"*")=0,"",COUNTIFS(구역6!G4:G73,"타교회",구역6!E4:E73,"*"&$B31&"*")+COUNTIFS(구역6!J4:J73,"*타교회*",구역6!E4:E73,"*"&$B31&"*")) | H9: =IF(COUNTIFS(구역6!F4:F73,"개인차",구역6!E4:E73,"*"&$B31&"*")+(COUNTIFS(구역6!H4:H73,"?*",구역6!E4:E73,"*"&$B31&"*")-COUNTIFS(구역6!H4:H73,"*교회차*",구역6!E4:E73,"*"&$B31&"*")-COUNTIFS(구역6!H4:H73,"*타교회*",구역6!E4:E73,"*"&$B31&"*")-COUNTIFS(구역6!H4:H73,"*대중교통*",구역6!E4:E73,"*"&$B31&"*"))=0,"",COUNTIFS(구역6!F4:F73,"개인차",구역6!E4:E73,"*"&$B31&"*")+(COUNTIFS(구역6!H4:H73,"?*",구역6!E4:E73,"*"&$B31&"*")-COUNTIFS(구역6!H4:H73,"*교회차*",구역6!E4:E73,"*"&$B31&"*")-COUNTIFS(구역6!H4:H73,"*타교회*",구역6!E4:E73,"*"&$B31&"*")-COUNTIFS(구역6!H4:H73,"*대중교통*",구역6!E4:E73,"*"&$B31&"*"))) | I9: =IF(COUNTIFS(구역6!G4:G73,"개인차",구역6!E4:E73,"*"&$B31&"*")+(COUNTIFS(구역6!J4:J73,"?*",구역6!E4:E73,"*"&$B31&"*")-COUNTIFS(구역6!J4:J73,"*교회차*",구역6!E4:E73,"*"&$B31&"*")-COUNTIFS(구역6!J4:J73,"*타교회*",구역6!E4:E73,"*"&$B31&"*")-COUNTIFS(구역6!J4:J73,"*대중교통*",구역6!E4:E73,"*"&$B31&"*"))=0,"",COUNTIFS(구역6!G4:G73,"개인차",구역6!E4:E73,"*"&$B31&"*")+(COUNTIFS(구역6!J4:J73,"?*",구역6!E4:E73,"*"&$B31&"*")-COUNTIFS(구역6!J4:J73,"*교회차*",구역6!E4:E73,"*"&$B31&"*")-COUNTIFS(구역6!J4:J73,"*타교회*",구역6!E4:E73,"*"&$B31&"*")-COUNTIFS(구역6!J4:J73,"*대중교통*",구역6!E4:E73,"*"&$B31&"*"))) | J9: =IF(COUNTIFS(구역6!F4:F73,"대중교통",구역6!E4:E73,"*"&$B31&"*")+COUNTIFS(구역6!H4:H73,"*대중교통*",구역6!E4:E73,"*"&$B31&"*")=0,"",COUNTIFS(구역6!F4:F73,"대중교통",구역6!E4:E73,"*"&$B31&"*")+COUNTIFS(구역6!H4:H73,"*대중교통*",구역6!E4:E73,"*"&$B31&"*")) | K9: =IF(COUNTIFS(구역6!G4:G73,"대중교통",구역6!E4:E73,"*"&$B31&"*")+COUNTIFS(구역6!J4:J73,"*대중교통*",구역6!E4:E73,"*"&$B31&"*")=0,"",COUNTIFS(구역6!G4:G73,"대중교통",구역6!E4:E73,"*"&$B31&"*")+COUNTIFS(구역6!J4:J73,"*대중교통*",구역6!E4:E73,"*"&$B31&"*")) | L9: =IF(SUM(B9,D9,F9,H9,J9)=0,"",SUM(B9,D9,F9,H9,J9))
A10: 구역7 | B10: =IF(COUNTIFS(구역7!F4:F73,"1호차",구역7!E4:E73,"*"&$B31&"*")+COUNTIFS(구역7!F4:F73,"2호차",구역7!E4:E73,"*"&$B31&"*")+COUNTIFS(구역7!F4:F73,"3호차",구역7!E4:E73,"*"&$B31&"*")+COUNTIFS(구역7!F4:F73,"4호차",구역7!E4:E73,"*"&$B31&"*")+COUNTIFS(구역7!F4:F73,"5호차",구역7!E4:E73,"*"&$B31&"*")+COUNTIFS(구역7!F4:F73,"6호차",구역7!E4:E73,"*"&$B31&"*")+COUNTIFS(구역7!F4:F73,"7호차",구역7!E4:E73,"*"&$B31&"*")+COUNTIFS(구역7!F4:F73,"8호차",구역7!E4:E73,"*"&$B31&"*")+COUNTIFS(구역7!F4:F73,"9호차",구역7!E4:E73,"*"&$B31&"*")+COUNTIFS(구역7!F4:F73,"10호차",구역7!E4:E73,"*"&$B31&"*")=0,"",COUNTIFS(구역7!F4:F73,"1호차",구역7!E4:E73,"*"&$B31&"*")+COUNTIFS(구역7!F4:F73,"2호차",구역7!E4:E73,"*"&$B31&"*")+COUNTIFS(구역7!F4:F73,"3호차",구역7!E4:E73,"*"&$B31&"*")+COUNTIFS(구역7!F4:F73,"4호차",구역7!E4:E73,"*"&$B31&"*")+COUNTIFS(구역7!F4:F73,"5호차",구역7!E4:E73,"*"&$B31&"*")+COUNTIFS(구역7!F4:F73,"6호차",구역7!E4:E73,"*"&$B31&"*")+COUNTIFS(구역7!F4:F73,"7호차",구역7!E4:E73,"*"&$B31&"*")+COUNTIFS(구역7!F4:F73,"8호차",구역7!E4:E73,"*"&$B31&"*")+COUNTIFS(구역7!F4:F73,"9호차",구역7!E4:E73,"*"&$B31&"*")+COUNTIFS(구역7!F4:F73,"10호차",구역7!E4:E73,"*"&$B31&"*")) | C10: =IF(COUNTIFS(구역7!G4:G73,"1호차",구역7!E4:E73,"*"&$B31&"*")+COUNTIFS(구역7!G4:G73,"2호차",구역7!E4:E73,"*"&$B31&"*")+COUNTIFS(구역7!G4:G73,"3호차",구역7!E4:E73,"*"&$B31&"*")+COUNTIFS(구역7!G4:G73,"4호차",구역7!E4:E73,"*"&$B31&"*")+COUNTIFS(구역7!G4:G73,"5호차",구역7!E4:E73,"*"&$B31&"*")+COUNTIFS(구역7!G4:G73,"6호차",구역7!E4:E73,"*"&$B31&"*")+COUNTIFS(구역7!G4:G73,"7호차",구역7!E4:E73,"*"&$B31&"*")+COUNTIFS(구역7!G4:G73,"8호차",구역7!E4:E73,"*"&$B31&"*")+COUNTIFS(구역7!G4:G73,"9호차",구역7!E4:E73,"*"&$B31&"*")+COUNTIFS(구역7!G4:G73,"10호차",구역7!E4:E73,"*"&$B31&"*")=0,"",COUNTIFS(구역7!G4:G73,"1호차",구역7!E4:E73,"*"&$B31&"*")+COUNTIFS(구역7!G4:G73,"2호차",구역7!E4:E73,"*"&$B31&"*")+COUNTIFS(구역7!G4:G73,"3호차",구역7!E4:E73,"*"&$B31&"*")+COUNTIFS(구역7!G4:G73,"4호차",구역7!E4:E73,"*"&$B31&"*")+COUNTIFS(구역7!G4:G73,"5호차",구역7!E4:E73,"*"&$B31&"*")+COUNTIFS(구역7!G4:G73,"6호차",구역7!E4:E73,"*"&$B31&"*")+COUNTIFS(구역7!G4:G73,"7호차",구역7!E4:E73,"*"&$B31&"*")+COUNTIFS(구역7!G4:G73,"8호차",구역7!E4:E73,"*"&$B31&"*")+COUNTIFS(구역7!G4:G73,"9호차",구역7!E4:E73,"*"&$B31&"*")+COUNTIFS(구역7!G4:G73,"10호차",구역7!E4:E73,"*"&$B31&"*")) | D10: =IF(COUNTIFS(구역7!F4:F73,"교회차1",구역7!E4:E73,"*"&$B31&"*")+COUNTIFS(구역7!F4:F73,"교회차2",구역7!E4:E73,"*"&$B31&"*")+COUNTIFS(구역7!F4:F73,"교회차3",구역7!E4:E73,"*"&$B31&"*")+COUNTIFS(구역7!F4:F73,"교회차4",구역7!E4:E73,"*"&$B31&"*")+COUNTIFS(구역7!F4:F73,"교회차5",구역7!E4:E73,"*"&$B31&"*")+COUNTIFS(구역7!H4:H73,"*교회차*",구역7!E4:E73,"*"&$B31&"*")=0,"",COUNTIFS(구역7!F4:F73,"교회차1",구역7!E4:E73,"*"&$B31&"*")+COUNTIFS(구역7!F4:F73,"교회차2",구역7!E4:E73,"*"&$B31&"*")+COUNTIFS(구역7!F4:F73,"교회차3",구역7!E4:E73,"*"&$B31&"*")+COUNTIFS(구역7!F4:F73,"교회차4",구역7!E4:E73,"*"&$B31&"*")+COUNTIFS(구역7!F4:F73,"교회차5",구역7!E4:E73,"*"&$B31&"*")+COUNTIFS(구역7!H4:H73,"*교회차*",구역7!E4:E73,"*"&$B31&"*")) | E10: =IF(COUNTIFS(구역7!G4:G73,"교회차1",구역7!E4:E73,"*"&$B31&"*")+COUNTIFS(구역7!G4:G73,"교회차2",구역7!E4:E73,"*"&$B31&"*")+COUNTIFS(구역7!G4:G73,"교회차3",구역7!E4:E73,"*"&$B31&"*")+COUNTIFS(구역7!G4:G73,"교회차4",구역7!E4:E73,"*"&$B31&"*")+COUNTIFS(구역7!G4:G73,"교회차5",구역7!E4:E73,"*"&$B31&"*")+COUNTIFS(구역7!J4:J73,"*교회차*",구역7!E4:E73,"*"&$B31&"*")=0,"",COUNTIFS(구역7!G4:G73,"교회차1",구역7!E4:E73,"*"&$B31&"*")+COUNTIFS(구역7!G4:G73,"교회차2",구역7!E4:E73,"*"&$B31&"*")+COUNTIFS(구역7!G4:G73,"교회차3",구역7!E4:E73,"*"&$B31&"*")+COUNTIFS(구역7!G4:G73,"교회차4",구역7!E4:E73,"*"&$B31&"*")+COUNTIFS(구역7!G4:G73,"교회차5",구역7!E4:E73,"*"&$B31&"*")+COUNTIFS(구역7!J4:J73,"*교회차*",구역7!E4:E73,"*"&$B31&"*")) | F10: =IF(COUNTIFS(구역7!F4:F73,"타교회",구역7!E4:E73,"*"&$B31&"*")+COUNTIFS(구역7!H4:H73,"*타교회*",구역7!E4:E73,"*"&$B31&"*")=0,"",COUNTIFS(구역7!F4:F73,"타교회",구역7!E4:E73,"*"&$B31&"*")+COUNTIFS(구역7!H4:H73,"*타교회*",구역7!E4:E73,"*"&$B31&"*")) | G10: =IF(COUNTIFS(구역7!G4:G73,"타교회",구역7!E4:E73,"*"&$B31&"*")+COUNTIFS(구역7!J4:J73,"*타교회*",구역7!E4:E73,"*"&$B31&"*")=0,"",COUNTIFS(구역7!G4:G73,"타교회",구역7!E4:E73,"*"&$B31&"*")+COUNTIFS(구역7!J4:J73,"*타교회*",구역7!E4:E73,"*"&$B31&"*")) | H10: =IF(COUNTIFS(구역7!F4:F73,"개인차",구역7!E4:E73,"*"&$B31&"*")+(COUNTIFS(구역7!H4:H73,"?*",구역7!E4:E73,"*"&$B31&"*")-COUNTIFS(구역7!H4:H73,"*교회차*",구역7!E4:E73,"*"&$B31&"*")-COUNTIFS(구역7!H4:H73,"*타교회*",구역7!E4:E73,"*"&$B31&"*")-COUNTIFS(구역7!H4:H73,"*대중교통*",구역7!E4:E73,"*"&$B31&"*"))=0,"",COUNTIFS(구역7!F4:F73,"개인차",구역7!E4:E73,"*"&$B31&"*")+(COUNTIFS(구역7!H4:H73,"?*",구역7!E4:E73,"*"&$B31&"*")-COUNTIFS(구역7!H4:H73,"*교회차*",구역7!E4:E73,"*"&$B31&"*")-COUNTIFS(구역7!H4:H73,"*타교회*",구역7!E4:E73,"*"&$B31&"*")-COUNTIFS(구역7!H4:H73,"*대중교통*",구역7!E4:E73,"*"&$B31&"*"))) | I10: =IF(COUNTIFS(구역7!G4:G73,"개인차",구역7!E4:E73,"*"&$B31&"*")+(COUNTIFS(구역7!J4:J73,"?*",구역7!E4:E73,"*"&$B31&"*")-COUNTIFS(구역7!J4:J73,"*교회차*",구역7!E4:E73,"*"&$B31&"*")-COUNTIFS(구역7!J4:J73,"*타교회*",구역7!E4:E73,"*"&$B31&"*")-COUNTIFS(구역7!J4:J73,"*대중교통*",구역7!E4:E73,"*"&$B31&"*"))=0,"",COUNTIFS(구역7!G4:G73,"개인차",구역7!E4:E73,"*"&$B31&"*")+(COUNTIFS(구역7!J4:J73,"?*",구역7!E4:E73,"*"&$B31&"*")-COUNTIFS(구역7!J4:J73,"*교회차*",구역7!E4:E73,"*"&$B31&"*")-COUNTIFS(구역7!J4:J73,"*타교회*",구역7!E4:E73,"*"&$B31&"*")-COUNTIFS(구역7!J4:J73,"*대중교통*",구역7!E4:E73,"*"&$B31&"*"))) | J10: =IF(COUNTIFS(구역7!F4:F73,"대중교통",구역7!E4:E73,"*"&$B31&"*")+COUNTIFS(구역7!H4:H73,"*대중교통*",구역7!E4:E73,"*"&$B31&"*")=0,"",COUNTIFS(구역7!F4:F73,"대중교통",구역7!E4:E73,"*"&$B31&"*")+COUNTIFS(구역7!H4:H73,"*대중교통*",구역7!E4:E73,"*"&$B31&"*")) | K10: =IF(COUNTIFS(구역7!G4:G73,"대중교통",구역7!E4:E73,"*"&$B31&"*")+COUNTIFS(구역7!J4:J73,"*대중교통*",구역7!E4:E73,"*"&$B31&"*")=0,"",COUNTIFS(구역7!G4:G73,"대중교통",구역7!E4:E73,"*"&$B31&"*")+COUNTIFS(구역7!J4:J73,"*대중교통*",구역7!E4:E73,"*"&$B31&"*")) | L10: =IF(SUM(B10,D10,F10,H10,J10)=0,"",SUM(B10,D10,F10,H10,J10))
A11: 구역8 | B11: =IF(COUNTIFS(구역8!F4:F73,"1호차",구역8!E4:E73,"*"&$B31&"*")+COUNTIFS(구역8!F4:F73,"2호차",구역8!E4:E73,"*"&$B31&"*")+COUNTIFS(구역8!F4:F73,"3호차",구역8!E4:E73,"*"&$B31&"*")+COUNTIFS(구역8!F4:F73,"4호차",구역8!E4:E73,"*"&$B31&"*")+COUNTIFS(구역8!F4:F73,"5호차",구역8!E4:E73,"*"&$B31&"*")+COUNTIFS(구역8!F4:F73,"6호차",구역8!E4:E73,"*"&$B31&"*")+COUNTIFS(구역8!F4:F73,"7호차",구역8!E4:E73,"*"&$B31&"*")+COUNTIFS(구역8!F4:F73,"8호차",구역8!E4:E73,"*"&$B31&"*")+COUNTIFS(구역8!F4:F73,"9호차",구역8!E4:E73,"*"&$B31&"*")+COUNTIFS(구역8!F4:F73,"10호차",구역8!E4:E73,"*"&$B31&"*")=0,"",COUNTIFS(구역8!F4:F73,"1호차",구역8!E4:E73,"*"&$B31&"*")+COUNTIFS(구역8!F4:F73,"2호차",구역8!E4:E73,"*"&$B31&"*")+COUNTIFS(구역8!F4:F73,"3호차",구역8!E4:E73,"*"&$B31&"*")+COUNTIFS(구역8!F4:F73,"4호차",구역8!E4:E73,"*"&$B31&"*")+COUNTIFS(구역8!F4:F73,"5호차",구역8!E4:E73,"*"&$B31&"*")+COUNTIFS(구역8!F4:F73,"6호차",구역8!E4:E73,"*"&$B31&"*")+COUNTIFS(구역8!F4:F73,"7호차",구역8!E4:E73,"*"&$B31&"*")+COUNTIFS(구역8!F4:F73,"8호차",구역8!E4:E73,"*"&$B31&"*")+COUNTIFS(구역8!F4:F73,"9호차",구역8!E4:E73,"*"&$B31&"*")+COUNTIFS(구역8!F4:F73,"10호차",구역8!E4:E73,"*"&$B31&"*")) | C11: =IF(COUNTIFS(구역8!G4:G73,"1호차",구역8!E4:E73,"*"&$B31&"*")+COUNTIFS(구역8!G4:G73,"2호차",구역8!E4:E73,"*"&$B31&"*")+COUNTIFS(구역8!G4:G73,"3호차",구역8!E4:E73,"*"&$B31&"*")+COUNTIFS(구역8!G4:G73,"4호차",구역8!E4:E73,"*"&$B31&"*")+COUNTIFS(구역8!G4:G73,"5호차",구역8!E4:E73,"*"&$B31&"*")+COUNTIFS(구역8!G4:G73,"6호차",구역8!E4:E73,"*"&$B31&"*")+COUNTIFS(구역8!G4:G73,"7호차",구역8!E4:E73,"*"&$B31&"*")+COUNTIFS(구역8!G4:G73,"8호차",구역8!E4:E73,"*"&$B31&"*")+COUNTIFS(구역8!G4:G73,"9호차",구역8!E4:E73,"*"&$B31&"*")+COUNTIFS(구역8!G4:G73,"10호차",구역8!E4:E73,"*"&$B31&"*")=0,"",COUNTIFS(구역8!G4:G73,"1호차",구역8!E4:E73,"*"&$B31&"*")+COUNTIFS(구역8!G4:G73,"2호차",구역8!E4:E73,"*"&$B31&"*")+COUNTIFS(구역8!G4:G73,"3호차",구역8!E4:E73,"*"&$B31&"*")+COUNTIFS(구역8!G4:G73,"4호차",구역8!E4:E73,"*"&$B31&"*")+COUNTIFS(구역8!G4:G73,"5호차",구역8!E4:E73,"*"&$B31&"*")+COUNTIFS(구역8!G4:G73,"6호차",구역8!E4:E73,"*"&$B31&"*")+COUNTIFS(구역8!G4:G73,"7호차",구역8!E4:E73,"*"&$B31&"*")+COUNTIFS(구역8!G4:G73,"8호차",구역8!E4:E73,"*"&$B31&"*")+COUNTIFS(구역8!G4:G73,"9호차",구역8!E4:E73,"*"&$B31&"*")+COUNTIFS(구역8!G4:G73,"10호차",구역8!E4:E73,"*"&$B31&"*")) | D11: =IF(COUNTIFS(구역8!F4:F73,"교회차1",구역8!E4:E73,"*"&$B31&"*")+COUNTIFS(구역8!F4:F73,"교회차2",구역8!E4:E73,"*"&$B31&"*")+COUNTIFS(구역8!F4:F73,"교회차3",구역8!E4:E73,"*"&$B31&"*")+COUNTIFS(구역8!F4:F73,"교회차4",구역8!E4:E73,"*"&$B31&"*")+COUNTIFS(구역8!F4:F73,"교회차5",구역8!E4:E73,"*"&$B31&"*")+COUNTIFS(구역8!H4:H73,"*교회차*",구역8!E4:E73,"*"&$B31&"*")=0,"",COUNTIFS(구역8!F4:F73,"교회차1",구역8!E4:E73,"*"&$B31&"*")+COUNTIFS(구역8!F4:F73,"교회차2",구역8!E4:E73,"*"&$B31&"*")+COUNTIFS(구역8!F4:F73,"교회차3",구역8!E4:E73,"*"&$B31&"*")+COUNTIFS(구역8!F4:F73,"교회차4",구역8!E4:E73,"*"&$B31&"*")+COUNTIFS(구역8!F4:F73,"교회차5",구역8!E4:E73,"*"&$B31&"*")+COUNTIFS(구역8!H4:H73,"*교회차*",구역8!E4:E73,"*"&$B31&"*")) | E11: =IF(COUNTIFS(구역8!G4:G73,"교회차1",구역8!E4:E73,"*"&$B31&"*")+COUNTIFS(구역8!G4:G73,"교회차2",구역8!E4:E73,"*"&$B31&"*")+COUNTIFS(구역8!G4:G73,"교회차3",구역8!E4:E73,"*"&$B31&"*")+COUNTIFS(구역8!G4:G73,"교회차4",구역8!E4:E73,"*"&$B31&"*")+COUNTIFS(구역8!G4:G73,"교회차5",구역8!E4:E73,"*"&$B31&"*")+COUNTIFS(구역8!J4:J73,"*교회차*",구역8!E4:E73,"*"&$B31&"*")=0,"",COUNTIFS(구역8!G4:G73,"교회차1",구역8!E4:E73,"*"&$B31&"*")+COUNTIFS(구역8!G4:G73,"교회차2",구역8!E4:E73,"*"&$B31&"*")+COUNTIFS(구역8!G4:G73,"교회차3",구역8!E4:E73,"*"&$B31&"*")+COUNTIFS(구역8!G4:G73,"교회차4",구역8!E4:E73,"*"&$B31&"*")+COUNTIFS(구역8!G4:G73,"교회차5",구역8!E4:E73,"*"&$B31&"*")+COUNTIFS(구역8!J4:J73,"*교회차*",구역8!E4:E73,"*"&$B31&"*")) | F11: =IF(COUNTIFS(구역8!F4:F73,"타교회",구역8!E4:E73,"*"&$B31&"*")+COUNTIFS(구역8!H4:H73,"*타교회*",구역8!E4:E73,"*"&$B31&"*")=0,"",COUNTIFS(구역8!F4:F73,"타교회",구역8!E4:E73,"*"&$B31&"*")+COUNTIFS(구역8!H4:H73,"*타교회*",구역8!E4:E73,"*"&$B31&"*")) | G11: =IF(COUNTIFS(구역8!G4:G73,"타교회",구역8!E4:E73,"*"&$B31&"*")+COUNTIFS(구역8!J4:J73,"*타교회*",구역8!E4:E73,"*"&$B31&"*")=0,"",COUNTIFS(구역8!G4:G73,"타교회",구역8!E4:E73,"*"&$B31&"*")+COUNTIFS(구역8!J4:J73,"*타교회*",구역8!E4:E73,"*"&$B31&"*")) | H11: =IF(COUNTIFS(구역8!F4:F73,"개인차",구역8!E4:E73,"*"&$B31&"*")+(COUNTIFS(구역8!H4:H73,"?*",구역8!E4:E73,"*"&$B31&"*")-COUNTIFS(구역8!H4:H73,"*교회차*",구역8!E4:E73,"*"&$B31&"*")-COUNTIFS(구역8!H4:H73,"*타교회*",구역8!E4:E73,"*"&$B31&"*")-COUNTIFS(구역8!H4:H73,"*대중교통*",구역8!E4:E73,"*"&$B31&"*"))=0,"",COUNTIFS(구역8!F4:F73,"개인차",구역8!E4:E73,"*"&$B31&"*")+(COUNTIFS(구역8!H4:H73,"?*",구역8!E4:E73,"*"&$B31&"*")-COUNTIFS(구역8!H4:H73,"*교회차*",구역8!E4:E73,"*"&$B31&"*")-COUNTIFS(구역8!H4:H73,"*타교회*",구역8!E4:E73,"*"&$B31&"*")-COUNTIFS(구역8!H4:H73,"*대중교통*",구역8!E4:E73,"*"&$B31&"*"))) | I11: =IF(COUNTIFS(구역8!G4:G73,"개인차",구역8!E4:E73,"*"&$B31&"*")+(COUNTIFS(구역8!J4:J73,"?*",구역8!E4:E73,"*"&$B31&"*")-COUNTIFS(구역8!J4:J73,"*교회차*",구역8!E4:E73,"*"&$B31&"*")-COUNTIFS(구역8!J4:J73,"*타교회*",구역8!E4:E73,"*"&$B31&"*")-COUNTIFS(구역8!J4:J73,"*대중교통*",구역8!E4:E73,"*"&$B31&"*"))=0,"",COUNTIFS(구역8!G4:G73,"개인차",구역8!E4:E73,"*"&$B31&"*")+(COUNTIFS(구역8!J4:J73,"?*",구역8!E4:E73,"*"&$B31&"*")-COUNTIFS(구역8!J4:J73,"*교회차*",구역8!E4:E73,"*"&$B31&"*")-COUNTIFS(구역8!J4:J73,"*타교회*",구역8!E4:E73,"*"&$B31&"*")-COUNTIFS(구역8!J4:J73,"*대중교통*",구역8!E4:E73,"*"&$B31&"*"))) | J11: =IF(COUNTIFS(구역8!F4:F73,"대중교통",구역8!E4:E73,"*"&$B31&"*")+COUNTIFS(구역8!H4:H73,"*대중교통*",구역8!E4:E73,"*"&$B31&"*")=0,"",COUNTIFS(구역8!F4:F73,"대중교통",구역8!E4:E73,"*"&$B31&"*")+COUNTIFS(구역8!H4:H73,"*대중교통*",구역8!E4:E73,"*"&$B31&"*")) | K11: =IF(COUNTIFS(구역8!G4:G73,"대중교통",구역8!E4:E73,"*"&$B31&"*")+COUNTIFS(구역8!J4:J73,"*대중교통*",구역8!E4:E73,"*"&$B31&"*")=0,"",COUNTIFS(구역8!G4:G73,"대중교통",구역8!E4:E73,"*"&$B31&"*")+COUNTIFS(구역8!J4:J73,"*대중교통*",구역8!E4:E73,"*"&$B31&"*")) | L11: =IF(SUM(B11,D11,F11,H11,J11)=0,"",SUM(B11,D11,F11,H11,J11))
A12: 구역9 | B12: =IF(COUNTIFS(구역9!F4:F73,"1호차",구역9!E4:E73,"*"&$B31&"*")+COUNTIFS(구역9!F4:F73,"2호차",구역9!E4:E73,"*"&$B31&"*")+COUNTIFS(구역9!F4:F73,"3호차",구역9!E4:E73,"*"&$B31&"*")+COUNTIFS(구역9!F4:F73,"4호차",구역9!E4:E73,"*"&$B31&"*")+COUNTIFS(구역9!F4:F73,"5호차",구역9!E4:E73,"*"&$B31&"*")+COUNTIFS(구역9!F4:F73,"6호차",구역9!E4:E73,"*"&$B31&"*")+COUNTIFS(구역9!F4:F73,"7호차",구역9!E4:E73,"*"&$B31&"*")+COUNTIFS(구역9!F4:F73,"8호차",구역9!E4:E73,"*"&$B31&"*")+COUNTIFS(구역9!F4:F73,"9호차",구역9!E4:E73,"*"&$B31&"*")+COUNTIFS(구역9!F4:F73,"10호차",구역9!E4:E73,"*"&$B31&"*")=0,"",COUNTIFS(구역9!F4:F73,"1호차",구역9!E4:E73,"*"&$B31&"*")+COUNTIFS(구역9!F4:F73,"2호차",구역9!E4:E73,"*"&$B31&"*")+COUNTIFS(구역9!F4:F73,"3호차",구역9!E4:E73,"*"&$B31&"*")+COUNTIFS(구역9!F4:F73,"4호차",구역9!E4:E73,"*"&$B31&"*")+COUNTIFS(구역9!F4:F73,"5호차",구역9!E4:E73,"*"&$B31&"*")+COUNTIFS(구역9!F4:F73,"6호차",구역9!E4:E73,"*"&$B31&"*")+COUNTIFS(구역9!F4:F73,"7호차",구역9!E4:E73,"*"&$B31&"*")+COUNTIFS(구역9!F4:F73,"8호차",구역9!E4:E73,"*"&$B31&"*")+COUNTIFS(구역9!F4:F73,"9호차",구역9!E4:E73,"*"&$B31&"*")+COUNTIFS(구역9!F4:F73,"10호차",구역9!E4:E73,"*"&$B31&"*")) | C12: =IF(COUNTIFS(구역9!G4:G73,"1호차",구역9!E4:E73,"*"&$B31&"*")+COUNTIFS(구역9!G4:G73,"2호차",구역9!E4:E73,"*"&$B31&"*")+COUNTIFS(구역9!G4:G73,"3호차",구역9!E4:E73,"*"&$B31&"*")+COUNTIFS(구역9!G4:G73,"4호차",구역9!E4:E73,"*"&$B31&"*")+COUNTIFS(구역9!G4:G73,"5호차",구역9!E4:E73,"*"&$B31&"*")+COUNTIFS(구역9!G4:G73,"6호차",구역9!E4:E73,"*"&$B31&"*")+COUNTIFS(구역9!G4:G73,"7호차",구역9!E4:E73,"*"&$B31&"*")+COUNTIFS(구역9!G4:G73,"8호차",구역9!E4:E73,"*"&$B31&"*")+COUNTIFS(구역9!G4:G73,"9호차",구역9!E4:E73,"*"&$B31&"*")+COUNTIFS(구역9!G4:G73,"10호차",구역9!E4:E73,"*"&$B31&"*")=0,"",COUNTIFS(구역9!G4:G73,"1호차",구역9!E4:E73,"*"&$B31&"*")+COUNTIFS(구역9!G4:G73,"2호차",구역9!E4:E73,"*"&$B31&"*")+COUNTIFS(구역9!G4:G73,"3호차",구역9!E4:E73,"*"&$B31&"*")+COUNTIFS(구역9!G4:G73,"4호차",구역9!E4:E73,"*"&$B31&"*")+COUNTIFS(구역9!G4:G73,"5호차",구역9!E4:E73,"*"&$B31&"*")+COUNTIFS(구역9!G4:G73,"6호차",구역9!E4:E73,"*"&$B31&"*")+COUNTIFS(구역9!G4:G73,"7호차",구역9!E4:E73,"*"&$B31&"*")+COUNTIFS(구역9!G4:G73,"8호차",구역9!E4:E73,"*"&$B31&"*")+COUNTIFS(구역9!G4:G73,"9호차",구역9!E4:E73,"*"&$B31&"*")+COUNTIFS(구역9!G4:G73,"10호차",구역9!E4:E73,"*"&$B31&"*")) | D12: =IF(COUNTIFS(구역9!F4:F73,"교회차1",구역9!E4:E73,"*"&$B31&"*")+COUNTIFS(구역9!F4:F73,"교회차2",구역9!E4:E73,"*"&$B31&"*")+COUNTIFS(구역9!F4:F73,"교회차3",구역9!E4:E73,"*"&$B31&"*")+COUNTIFS(구역9!F4:F73,"교회차4",구역9!E4:E73,"*"&$B31&"*")+COUNTIFS(구역9!F4:F73,"교회차5",구역9!E4:E73,"*"&$B31&"*")+COUNTIFS(구역9!H4:H73,"*교회차*",구역9!E4:E73,"*"&$B31&"*")=0,"",COUNTIFS(구역9!F4:F73,"교회차1",구역9!E4:E73,"*"&$B31&"*")+COUNTIFS(구역9!F4:F73,"교회차2",구역9!E4:E73,"*"&$B31&"*")+COUNTIFS(구역9!F4:F73,"교회차3",구역9!E4:E73,"*"&$B31&"*")+COUNTIFS(구역9!F4:F73,"교회차4",구역9!E4:E73,"*"&$B31&"*")+COUNTIFS(구역9!F4:F73,"교회차5",구역9!E4:E73,"*"&$B31&"*")+COUNTIFS(구역9!H4:H73,"*교회차*",구역9!E4:E73,"*"&$B31&"*")) | E12: =IF(COUNTIFS(구역9!G4:G73,"교회차1",구역9!E4:E73,"*"&$B31&"*")+COUNTIFS(구역9!G4:G73,"교회차2",구역9!E4:E73,"*"&$B31&"*")+COUNTIFS(구역9!G4:G73,"교회차3",구역9!E4:E73,"*"&$B31&"*")+COUNTIFS(구역9!G4:G73,"교회차4",구역9!E4:E73,"*"&$B31&"*")+COUNTIFS(구역9!G4:G73,"교회차5",구역9!E4:E73,"*"&$B31&"*")+COUNTIFS(구역9!J4:J73,"*교회차*",구역9!E4:E73,"*"&$B31&"*")=0,"",COUNTIFS(구역9!G4:G73,"교회차1",구역9!E4:E73,"*"&$B31&"*")+COUNTIFS(구역9!G4:G73,"교회차2",구역9!E4:E73,"*"&$B31&"*")+COUNTIFS(구역9!G4:G73,"교회차3",구역9!E4:E73,"*"&$B31&"*")+COUNTIFS(구역9!G4:G73,"교회차4",구역9!E4:E73,"*"&$B31&"*")+COUNTIFS(구역9!G4:G73,"교회차5",구역9!E4:E73,"*"&$B31&"*")+COUNTIFS(구역9!J4:J73,"*교회차*",구역9!E4:E73,"*"&$B31&"*")) | F12: =IF(COUNTIFS(구역9!F4:F73,"타교회",구역9!E4:E73,"*"&$B31&"*")+COUNTIFS(구역9!H4:H73,"*타교회*",구역9!E4:E73,"*"&$B31&"*")=0,"",COUNTIFS(구역9!F4:F73,"타교회",구역9!E4:E73,"*"&$B31&"*")+COUNTIFS(구역9!H4:H73,"*타교회*",구역9!E4:E73,"*"&$B31&"*")) | G12: =IF(COUNTIFS(구역9!G4:G73,"타교회",구역9!E4:E73,"*"&$B31&"*")+COUNTIFS(구역9!J4:J73,"*타교회*",구역9!E4:E73,"*"&$B31&"*")=0,"",COUNTIFS(구역9!G4:G73,"타교회",구역9!E4:E73,"*"&$B31&"*")+COUNTIFS(구역9!J4:J73,"*타교회*",구역9!E4:E73,"*"&$B31&"*")) | H12: =IF(COUNTIFS(구역9!F4:F73,"개인차",구역9!E4:E73,"*"&$B31&"*")+(COUNTIFS(구역9!H4:H73,"?*",구역9!E4:E73,"*"&$B31&"*")-COUNTIFS(구역9!H4:H73,"*교회차*",구역9!E4:E73,"*"&$B31&"*")-COUNTIFS(구역9!H4:H73,"*타교회*",구역9!E4:E73,"*"&$B31&"*")-COUNTIFS(구역9!H4:H73,"*대중교통*",구역9!E4:E73,"*"&$B31&"*"))=0,"",COUNTIFS(구역9!F4:F73,"개인차",구역9!E4:E73,"*"&$B31&"*")+(COUNTIFS(구역9!H4:H73,"?*",구역9!E4:E73,"*"&$B31&"*")-COUNTIFS(구역9!H4:H73,"*교회차*",구역9!E4:E73,"*"&$B31&"*")-COUNTIFS(구역9!H4:H73,"*타교회*",구역9!E4:E73,"*"&$B31&"*")-COUNTIFS(구역9!H4:H73,"*대중교통*",구역9!E4:E73,"*"&$B31&"*"))) | I12: =IF(COUNTIFS(구역9!G4:G73,"개인차",구역9!E4:E73,"*"&$B31&"*")+(COUNTIFS(구역9!J4:J73,"?*",구역9!E4:E73,"*"&$B31&"*")-COUNTIFS(구역9!J4:J73,"*교회차*",구역9!E4:E73,"*"&$B31&"*")-COUNTIFS(구역9!J4:J73,"*타교회*",구역9!E4:E73,"*"&$B31&"*")-COUNTIFS(구역9!J4:J73,"*대중교통*",구역9!E4:E73,"*"&$B31&"*"))=0,"",COUNTIFS(구역9!G4:G73,"개인차",구역9!E4:E73,"*"&$B31&"*")+(COUNTIFS(구역9!J4:J73,"?*",구역9!E4:E73,"*"&$B31&"*")-COUNTIFS(구역9!J4:J73,"*교회차*",구역9!E4:E73,"*"&$B31&"*")-COUNTIFS(구역9!J4:J73,"*타교회*",구역9!E4:E73,"*"&$B31&"*")-COUNTIFS(구역9!J4:J73,"*대중교통*",구역9!E4:E73,"*"&$B31&"*"))) | J12: =IF(COUNTIFS(구역9!F4:F73,"대중교통",구역9!E4:E73,"*"&$B31&"*")+COUNTIFS(구역9!H4:H73,"*대중교통*",구역9!E4:E73,"*"&$B31&"*")=0,"",COUNTIFS(구역9!F4:F73,"대중교통",구역9!E4:E73,"*"&$B31&"*")+COUNTIFS(구역9!H4:H73,"*대중교통*",구역9!E4:E73,"*"&$B31&"*")) | K12: =IF(COUNTIFS(구역9!G4:G73,"대중교통",구역9!E4:E73,"*"&$B31&"*")+COUNTIFS(구역9!J4:J73,"*대중교통*",구역9!E4:E73,"*"&$B31&"*")=0,"",COUNTIFS(구역9!G4:G73,"대중교통",구역9!E4:E73,"*"&$B31&"*")+COUNTIFS(구역9!J4:J73,"*대중교통*",구역9!E4:E73,"*"&$B31&"*")) | L12: =IF(SUM(B12,D12,F12,H12,J12)=0,"",SUM(B12,D12,F12,H12,J12))
A13: 구역10 | B13: =IF(COUNTIFS(구역10!F4:F73,"1호차",구역10!E4:E73,"*"&$B31&"*")+COUNTIFS(구역10!F4:F73,"2호차",구역10!E4:E73,"*"&$B31&"*")+COUNTIFS(구역10!F4:F73,"3호차",구역10!E4:E73,"*"&$B31&"*")+COUNTIFS(구역10!F4:F73,"4호차",구역10!E4:E73,"*"&$B31&"*")+COUNTIFS(구역10!F4:F73,"5호차",구역10!E4:E73,"*"&$B31&"*")+COUNTIFS(구역10!F4:F73,"6호차",구역10!E4:E73,"*"&$B31&"*")+COUNTIFS(구역10!F4:F73,"7호차",구역10!E4:E73,"*"&$B31&"*")+COUNTIFS(구역10!F4:F73,"8호차",구역10!E4:E73,"*"&$B31&"*")+COUNTIFS(구역10!F4:F73,"9호차",구역10!E4:E73,"*"&$B31&"*")+COUNTIFS(구역10!F4:F73,"10호차",구역10!E4:E73,"*"&$B31&"*")=0,"",COUNTIFS(구역10!F4:F73,"1호차",구역10!E4:E73,"*"&$B31&"*")+COUNTIFS(구역10!F4:F73,"2호차",구역10!E4:E73,"*"&$B31&"*")+COUNTIFS(구역10!F4:F73,"3호차",구역10!E4:E73,"*"&$B31&"*")+COUNTIFS(구역10!F4:F73,"4호차",구역10!E4:E73,"*"&$B31&"*")+COUNTIFS(구역10!F4:F73,"5호차",구역10!E4:E73,"*"&$B31&"*")+COUNTIFS(구역10!F4:F73,"6호차",구역10!E4:E73,"*"&$B31&"*")+COUNTIFS(구역10!F4:F73,"7호차",구역10!E4:E73,"*"&$B31&"*")+COUNTIFS(구역10!F4:F73,"8호차",구역10!E4:E73,"*"&$B31&"*")+COUNTIFS(구역10!F4:F73,"9호차",구역10!E4:E73,"*"&$B31&"*")+COUNTIFS(구역10!F4:F73,"10호차",구역10!E4:E73,"*"&$B31&"*")) | C13: =IF(COUNTIFS(구역10!G4:G73,"1호차",구역10!E4:E73,"*"&$B31&"*")+COUNTIFS(구역10!G4:G73,"2호차",구역10!E4:E73,"*"&$B31&"*")+COUNTIFS(구역10!G4:G73,"3호차",구역10!E4:E73,"*"&$B31&"*")+COUNTIFS(구역10!G4:G73,"4호차",구역10!E4:E73,"*"&$B31&"*")+COUNTIFS(구역10!G4:G73,"5호차",구역10!E4:E73,"*"&$B31&"*")+COUNTIFS(구역10!G4:G73,"6호차",구역10!E4:E73,"*"&$B31&"*")+COUNTIFS(구역10!G4:G73,"7호차",구역10!E4:E73,"*"&$B31&"*")+COUNTIFS(구역10!G4:G73,"8호차",구역10!E4:E73,"*"&$B31&"*")+COUNTIFS(구역10!G4:G73,"9호차",구역10!E4:E73,"*"&$B31&"*")+COUNTIFS(구역10!G4:G73,"10호차",구역10!E4:E73,"*"&$B31&"*")=0,"",COUNTIFS(구역10!G4:G73,"1호차",구역10!E4:E73,"*"&$B31&"*")+COUNTIFS(구역10!G4:G73,"2호차",구역10!E4:E73,"*"&$B31&"*")+COUNTIFS(구역10!G4:G73,"3호차",구역10!E4:E73,"*"&$B31&"*")+COUNTIFS(구역10!G4:G73,"4호차",구역10!E4:E73,"*"&$B31&"*")+COUNTIFS(구역10!G4:G73,"5호차",구역10!E4:E73,"*"&$B31&"*")+COUNTIFS(구역10!G4:G73,"6호차",구역10!E4:E73,"*"&$B31&"*")+COUNTIFS(구역10!G4:G73,"7호차",구역10!E4:E73,"*"&$B31&"*")+COUNTIFS(구역10!G4:G73,"8호차",구역10!E4:E73,"*"&$B31&"*")+COUNTIFS(구역10!G4:G73,"9호차",구역10!E4:E73,"*"&$B31&"*")+COUNTIFS(구역10!G4:G73,"10호차",구역10!E4:E73,"*"&$B31&"*")) | D13: =IF(COUNTIFS(구역10!F4:F73,"교회차1",구역10!E4:E73,"*"&$B31&"*")+COUNTIFS(구역10!F4:F73,"교회차2",구역10!E4:E73,"*"&$B31&"*")+COUNTIFS(구역10!F4:F73,"교회차3",구역10!E4:E73,"*"&$B31&"*")+COUNTIFS(구역10!F4:F73,"교회차4",구역10!E4:E73,"*"&$B31&"*")+COUNTIFS(구역10!F4:F73,"교회차5",구역10!E4:E73,"*"&$B31&"*")+COUNTIFS(구역10!H4:H73,"*교회차*",구역10!E4:E73,"*"&$B31&"*")=0,"",COUNTIFS(구역10!F4:F73,"교회차1",구역10!E4:E73,"*"&$B31&"*")+COUNTIFS(구역10!F4:F73,"교회차2",구역10!E4:E73,"*"&$B31&"*")+COUNTIFS(구역10!F4:F73,"교회차3",구역10!E4:E73,"*"&$B31&"*")+COUNTIFS(구역10!F4:F73,"교회차4",구역10!E4:E73,"*"&$B31&"*")+COUNTIFS(구역10!F4:F73,"교회차5",구역10!E4:E73,"*"&$B31&"*")+COUNTIFS(구역10!H4:H73,"*교회차*",구역10!E4:E73,"*"&$B31&"*")) | E13: =IF(COUNTIFS(구역10!G4:G73,"교회차1",구역10!E4:E73,"*"&$B31&"*")+COUNTIFS(구역10!G4:G73,"교회차2",구역10!E4:E73,"*"&$B31&"*")+COUNTIFS(구역10!G4:G73,"교회차3",구역10!E4:E73,"*"&$B31&"*")+COUNTIFS(구역10!G4:G73,"교회차4",구역10!E4:E73,"*"&$B31&"*")+COUNTIFS(구역10!G4:G73,"교회차5",구역10!E4:E73,"*"&$B31&"*")+COUNTIFS(구역10!J4:J73,"*교회차*",구역10!E4:E73,"*"&$B31&"*")=0,"",COUNTIFS(구역10!G4:G73,"교회차1",구역10!E4:E73,"*"&$B31&"*")+COUNTIFS(구역10!G4:G73,"교회차2",구역10!E4:E73,"*"&$B31&"*")+COUNTIFS(구역10!G4:G73,"교회차3",구역10!E4:E73,"*"&$B31&"*")+COUNTIFS(구역10!G4:G73,"교회차4",구역10!E4:E73,"*"&$B31&"*")+COUNTIFS(구역10!G4:G73,"교회차5",구역10!E4:E73,"*"&$B31&"*")+COUNTIFS(구역10!J4:J73,"*교회차*",구역10!E4:E73,"*"&$B31&"*")) | F13: =IF(COUNTIFS(구역10!F4:F73,"타교회",구역10!E4:E73,"*"&$B31&"*")+COUNTIFS(구역10!H4:H73,"*타교회*",구역10!E4:E73,"*"&$B31&"*")=0,"",COUNTIFS(구역10!F4:F73,"타교회",구역10!E4:E73,"*"&$B31&"*")+COUNTIFS(구역10!H4:H73,"*타교회*",구역10!E4:E73,"*"&$B31&"*")) | G13: =IF(COUNTIFS(구역10!G4:G73,"타교회",구역10!E4:E73,"*"&$B31&"*")+COUNTIFS(구역10!J4:J73,"*타교회*",구역10!E4:E73,"*"&$B31&"*")=0,"",COUNTIFS(구역10!G4:G73,"타교회",구역10!E4:E73,"*"&$B31&"*")+COUNTIFS(구역10!J4:J73,"*타교회*",구역10!E4:E73,"*"&$B31&"*")) | H13: =IF(COUNTIFS(구역10!F4:F73,"개인차",구역10!E4:E73,"*"&$B31&"*")+(COUNTIFS(구역10!H4:H73,"?*",구역10!E4:E73,"*"&$B31&"*")-COUNTIFS(구역10!H4:H73,"*교회차*",구역10!E4:E73,"*"&$B31&"*")-COUNTIFS(구역10!H4:H73,"*타교회*",구역10!E4:E73,"*"&$B31&"*")-COUNTIFS(구역10!H4:H73,"*대중교통*",구역10!E4:E73,"*"&$B31&"*"))=0,"",COUNTIFS(구역10!F4:F73,"개인차",구역10!E4:E73,"*"&$B31&"*")+(COUNTIFS(구역10!H4:H73,"?*",구역10!E4:E73,"*"&$B31&"*")-COUNTIFS(구역10!H4:H73,"*교회차*",구역10!E4:E73,"*"&$B31&"*")-COUNTIFS(구역10!H4:H73,"*타교회*",구역10!E4:E73,"*"&$B31&"*")-COUNTIFS(구역10!H4:H73,"*대중교통*",구역10!E4:E73,"*"&$B31&"*"))) | I13: =IF(COUNTIFS(구역10!G4:G73,"개인차",구역10!E4:E73,"*"&$B31&"*")+(COUNTIFS(구역10!J4:J73,"?*",구역10!E4:E73,"*"&$B31&"*")-COUNTIFS(구역10!J4:J73,"*교회차*",구역10!E4:E73,"*"&$B31&"*")-COUNTIFS(구역10!J4:J73,"*타교회*",구역10!E4:E73,"*"&$B31&"*")-COUNTIFS(구역10!J4:J73,"*대중교통*",구역10!E4:E73,"*"&$B31&"*"))=0,"",COUNTIFS(구역10!G4:G73,"개인차",구역10!E4:E73,"*"&$B31&"*")+(COUNTIFS(구역10!J4:J73,"?*",구역10!E4:E73,"*"&$B31&"*")-COUNTIFS(구역10!J4:J73,"*교회차*",구역10!E4:E73,"*"&$B31&"*")-COUNTIFS(구역10!J4:J73,"*타교회*",구역10!E4:E73,"*"&$B31&"*")-COUNTIFS(구역10!J4:J73,"*대중교통*",구역10!E4:E73,"*"&$B31&"*"))) | J13: =IF(COUNTIFS(구역10!F4:F73,"대중교통",구역10!E4:E73,"*"&$B31&"*")+COUNTIFS(구역10!H4:H73,"*대중교통*",구역10!E4:E73,"*"&$B31&"*")=0,"",COUNTIFS(구역10!F4:F73,"대중교통",구역10!E4:E73,"*"&$B31&"*")+COUNTIFS(구역10!H4:H73,"*대중교통*",구역10!E4:E73,"*"&$B31&"*")) | K13: =IF(COUNTIFS(구역10!G4:G73,"대중교통",구역10!E4:E73,"*"&$B31&"*")+COUNTIFS(구역10!J4:J73,"*대중교통*",구역10!E4:E73,"*"&$B31&"*")=0,"",COUNTIFS(구역10!G4:G73,"대중교통",구역10!E4:E73,"*"&$B31&"*")+COUNTIFS(구역10!J4:J73,"*대중교통*",구역10!E4:E73,"*"&$B31&"*")) | L13: =IF(SUM(B13,D13,F13,H13,J13)=0,"",SUM(B13,D13,F13,H13,J13))
A14: 구역11 | B14: =IF(COUNTIFS(구역11!F4:F73,"1호차",구역11!E4:E73,"*"&$B31&"*")+COUNTIFS(구역11!F4:F73,"2호차",구역11!E4:E73,"*"&$B31&"*")+COUNTIFS(구역11!F4:F73,"3호차",구역11!E4:E73,"*"&$B31&"*")+COUNTIFS(구역11!F4:F73,"4호차",구역11!E4:E73,"*"&$B31&"*")+COUNTIFS(구역11!F4:F73,"5호차",구역11!E4:E73,"*"&$B31&"*")+COUNTIFS(구역11!F4:F73,"6호차",구역11!E4:E73,"*"&$B31&"*")+COUNTIFS(구역11!F4:F73,"7호차",구역11!E4:E73,"*"&$B31&"*")+COUNTIFS(구역11!F4:F73,"8호차",구역11!E4:E73,"*"&$B31&"*")+COUNTIFS(구역11!F4:F73,"9호차",구역11!E4:E73,"*"&$B31&"*")+COUNTIFS(구역11!F4:F73,"10호차",구역11!E4:E73,"*"&$B31&"*")=0,"",COUNTIFS(구역11!F4:F73,"1호차",구역11!E4:E73,"*"&$B31&"*")+COUNTIFS(구역11!F4:F73,"2호차",구역11!E4:E73,"*"&$B31&"*")+COUNTIFS(구역11!F4:F73,"3호차",구역11!E4:E73,"*"&$B31&"*")+COUNTIFS(구역11!F4:F73,"4호차",구역11!E4:E73,"*"&$B31&"*")+COUNTIFS(구역11!F4:F73,"5호차",구역11!E4:E73,"*"&$B31&"*")+COUNTIFS(구역11!F4:F73,"6호차",구역11!E4:E73,"*"&$B31&"*")+COUNTIFS(구역11!F4:F73,"7호차",구역11!E4:E73,"*"&$B31&"*")+COUNTIFS(구역11!F4:F73,"8호차",구역11!E4:E73,"*"&$B31&"*")+COUNTIFS(구역11!F4:F73,"9호차",구역11!E4:E73,"*"&$B31&"*")+COUNTIFS(구역11!F4:F73,"10호차",구역11!E4:E73,"*"&$B31&"*")) | C14: =IF(COUNTIFS(구역11!G4:G73,"1호차",구역11!E4:E73,"*"&$B31&"*")+COUNTIFS(구역11!G4:G73,"2호차",구역11!E4:E73,"*"&$B31&"*")+COUNTIFS(구역11!G4:G73,"3호차",구역11!E4:E73,"*"&$B31&"*")+COUNTIFS(구역11!G4:G73,"4호차",구역11!E4:E73,"*"&$B31&"*")+COUNTIFS(구역11!G4:G73,"5호차",구역11!E4:E73,"*"&$B31&"*")+COUNTIFS(구역11!G4:G73,"6호차",구역11!E4:E73,"*"&$B31&"*")+COUNTIFS(구역11!G4:G73,"7호차",구역11!E4:E73,"*"&$B31&"*")+COUNTIFS(구역11!G4:G73,"8호차",구역11!E4:E73,"*"&$B31&"*")+COUNTIFS(구역11!G4:G73,"9호차",구역11!E4:E73,"*"&$B31&"*")+COUNTIFS(구역11!G4:G73,"10호차",구역11!E4:E73,"*"&$B31&"*")=0,"",COUNTIFS(구역11!G4:G73,"1호차",구역11!E4:E73,"*"&$B31&"*")+COUNTIFS(구역11!G4:G73,"2호차",구역11!E4:E73,"*"&$B31&"*")+COUNTIFS(구역11!G4:G73,"3호차",구역11!E4:E73,"*"&$B31&"*")+COUNTIFS(구역11!G4:G73,"4호차",구역11!E4:E73,"*"&$B31&"*")+COUNTIFS(구역11!G4:G73,"5호차",구역11!E4:E73,"*"&$B31&"*")+COUNTIFS(구역11!G4:G73,"6호차",구역11!E4:E73,"*"&$B31&"*")+COUNTIFS(구역11!G4:G73,"7호차",구역11!E4:E73,"*"&$B31&"*")+COUNTIFS(구역11!G4:G73,"8호차",구역11!E4:E73,"*"&$B31&"*")+COUNTIFS(구역11!G4:G73,"9호차",구역11!E4:E73,"*"&$B31&"*")+COUNTIFS(구역11!G4:G73,"10호차",구역11!E4:E73,"*"&$B31&"*")) | D14: =IF(COUNTIFS(구역11!F4:F73,"교회차1",구역11!E4:E73,"*"&$B31&"*")+COUNTIFS(구역11!F4:F73,"교회차2",구역11!E4:E73,"*"&$B31&"*")+COUNTIFS(구역11!F4:F73,"교회차3",구역11!E4:E73,"*"&$B31&"*")+COUNTIFS(구역11!F4:F73,"교회차4",구역11!E4:E73,"*"&$B31&"*")+COUNTIFS(구역11!F4:F73,"교회차5",구역11!E4:E73,"*"&$B31&"*")+COUNTIFS(구역11!H4:H73,"*교회차*",구역11!E4:E73,"*"&$B31&"*")=0,"",COUNTIFS(구역11!F4:F73,"교회차1",구역11!E4:E73,"*"&$B31&"*")+COUNTIFS(구역11!F4:F73,"교회차2",구역11!E4:E73,"*"&$B31&"*")+COUNTIFS(구역11!F4:F73,"교회차3",구역11!E4:E73,"*"&$B31&"*")+COUNTIFS(구역11!F4:F73,"교회차4",구역11!E4:E73,"*"&$B31&"*")+COUNTIFS(구역11!F4:F73,"교회차5",구역11!E4:E73,"*"&$B31&"*")+COUNTIFS(구역11!H4:H73,"*교회차*",구역11!E4:E73,"*"&$B31&"*")) | E14: =IF(COUNTIFS(구역11!G4:G73,"교회차1",구역11!E4:E73,"*"&$B31&"*")+COUNTIFS(구역11!G4:G73,"교회차2",구역11!E4:E73,"*"&$B31&"*")+COUNTIFS(구역11!G4:G73,"교회차3",구역11!E4:E73,"*"&$B31&"*")+COUNTIFS(구역11!G4:G73,"교회차4",구역11!E4:E73,"*"&$B31&"*")+COUNTIFS(구역11!G4:G73,"교회차5",구역11!E4:E73,"*"&$B31&"*")+COUNTIFS(구역11!J4:J73,"*교회차*",구역11!E4:E73,"*"&$B31&"*")=0,"",COUNTIFS(구역11!G4:G73,"교회차1",구역11!E4:E73,"*"&$B31&"*")+COUNTIFS(구역11!G4:G73,"교회차2",구역11!E4:E73,"*"&$B31&"*")+COUNTIFS(구역11!G4:G73,"교회차3",구역11!E4:E73,"*"&$B31&"*")+COUNTIFS(구역11!G4:G73,"교회차4",구역11!E4:E73,"*"&$B31&"*")+COUNTIFS(구역11!G4:G73,"교회차5",구역11!E4:E73,"*"&$B31&"*")+COUNTIFS(구역11!J4:J73,"*교회차*",구역11!E4:E73,"*"&$B31&"*")) | F14: =IF(COUNTIFS(구역11!F4:F73,"타교회",구역11!E4:E73,"*"&$B31&"*")+COUNTIFS(구역11!H4:H73,"*타교회*",구역11!E4:E73,"*"&$B31&"*")=0,"",COUNTIFS(구역11!F4:F73,"타교회",구역11!E4:E73,"*"&$B31&"*")+COUNTIFS(구역11!H4:H73,"*타교회*",구역11!E4:E73,"*"&$B31&"*")) | G14: =IF(COUNTIFS(구역11!G4:G73,"타교회",구역11!E4:E73,"*"&$B31&"*")+COUNTIFS(구역11!J4:J73,"*타교회*",구역11!E4:E73,"*"&$B31&"*")=0,"",COUNTIFS(구역11!G4:G73,"타교회",구역11!E4:E73,"*"&$B31&"*")+COUNTIFS(구역11!J4:J73,"*타교회*",구역11!E4:E73,"*"&$B31&"*")) | H14: =IF(COUNTIFS(구역11!F4:F73,"개인차",구역11!E4:E73,"*"&$B31&"*")+(COUNTIFS(구역11!H4:H73,"?*",구역11!E4:E73,"*"&$B31&"*")-COUNTIFS(구역11!H4:H73,"*교회차*",구역11!E4:E73,"*"&$B31&"*")-COUNTIFS(구역11!H4:H73,"*타교회*",구역11!E4:E73,"*"&$B31&"*")-COUNTIFS(구역11!H4:H73,"*대중교통*",구역11!E4:E73,"*"&$B31&"*"))=0,"",COUNTIFS(구역11!F4:F73,"개인차",구역11!E4:E73,"*"&$B31&"*")+(COUNTIFS(구역11!H4:H73,"?*",구역11!E4:E73,"*"&$B31&"*")-COUNTIFS(구역11!H4:H73,"*교회차*",구역11!E4:E73,"*"&$B31&"*")-COUNTIFS(구역11!H4:H73,"*타교회*",구역11!E4:E73,"*"&$B31&"*")-COUNTIFS(구역11!H4:H73,"*대중교통*",구역11!E4:E73,"*"&$B31&"*"))) | I14: =IF(COUNTIFS(구역11!G4:G73,"개인차",구역11!E4:E73,"*"&$B31&"*")+(COUNTIFS(구역11!J4:J73,"?*",구역11!E4:E73,"*"&$B31&"*")-COUNTIFS(구역11!J4:J73,"*교회차*",구역11!E4:E73,"*"&$B31&"*")-COUNTIFS(구역11!J4:J73,"*타교회*",구역11!E4:E73,"*"&$B31&"*")-COUNTIFS(구역11!J4:J73,"*대중교통*",구역11!E4:E73,"*"&$B31&"*"))=0,"",COUNTIFS(구역11!G4:G73,"개인차",구역11!E4:E73,"*"&$B31&"*")+(COUNTIFS(구역11!J4:J73,"?*",구역11!E4:E73,"*"&$B31&"*")-COUNTIFS(구역11!J4:J73,"*교회차*",구역11!E4:E73,"*"&$B31&"*")-COUNTIFS(구역11!J4:J73,"*타교회*",구역11!E4:E73,"*"&$B31&"*")-COUNTIFS(구역11!J4:J73,"*대중교통*",구역11!E4:E73,"*"&$B31&"*"))) | J14: =IF(COUNTIFS(구역11!F4:F73,"대중교통",구역11!E4:E73,"*"&$B31&"*")+COUNTIFS(구역11!H4:H73,"*대중교통*",구역11!E4:E73,"*"&$B31&"*")=0,"",COUNTIFS(구역11!F4:F73,"대중교통",구역11!E4:E73,"*"&$B31&"*")+COUNTIFS(구역11!H4:H73,"*대중교통*",구역11!E4:E73,"*"&$B31&"*")) | K14: =IF(COUNTIFS(구역11!G4:G73,"대중교통",구역11!E4:E73,"*"&$B31&"*")+COUNTIFS(구역11!J4:J73,"*대중교통*",구역11!E4:E73,"*"&$B31&"*")=0,"",COUNTIFS(구역11!G4:G73,"대중교통",구역11!E4:E73,"*"&$B31&"*")+COUNTIFS(구역11!J4:J73,"*대중교통*",구역11!E4:E73,"*"&$B31&"*")) | L14: =IF(SUM(B14,D14,F14,H14,J14)=0,"",SUM(B14,D14,F14,H14,J14))
A15: 구역12 | B15: =IF(COUNTIFS(구역12!F4:F73,"1호차",구역12!E4:E73,"*"&$B31&"*")+COUNTIFS(구역12!F4:F73,"2호차",구역12!E4:E73,"*"&$B31&"*")+COUNTIFS(구역12!F4:F73,"3호차",구역12!E4:E73,"*"&$B31&"*")+COUNTIFS(구역12!F4:F73,"4호차",구역12!E4:E73,"*"&$B31&"*")+COUNTIFS(구역12!F4:F73,"5호차",구역12!E4:E73,"*"&$B31&"*")+COUNTIFS(구역12!F4:F73,"6호차",구역12!E4:E73,"*"&$B31&"*")+COUNTIFS(구역12!F4:F73,"7호차",구역12!E4:E73,"*"&$B31&"*")+COUNTIFS(구역12!F4:F73,"8호차",구역12!E4:E73,"*"&$B31&"*")+COUNTIFS(구역12!F4:F73,"9호차",구역12!E4:E73,"*"&$B31&"*")+COUNTIFS(구역12!F4:F73,"10호차",구역12!E4:E73,"*"&$B31&"*")=0,"",COUNTIFS(구역12!F4:F73,"1호차",구역12!E4:E73,"*"&$B31&"*")+COUNTIFS(구역12!F4:F73,"2호차",구역12!E4:E73,"*"&$B31&"*")+COUNTIFS(구역12!F4:F73,"3호차",구역12!E4:E73,"*"&$B31&"*")+COUNTIFS(구역12!F4:F73,"4호차",구역12!E4:E73,"*"&$B31&"*")+COUNTIFS(구역12!F4:F73,"5호차",구역12!E4:E73,"*"&$B31&"*")+COUNTIFS(구역12!F4:F73,"6호차",구역12!E4:E73,"*"&$B31&"*")+COUNTIFS(구역12!F4:F73,"7호차",구역12!E4:E73,"*"&$B31&"*")+COUNTIFS(구역12!F4:F73,"8호차",구역12!E4:E73,"*"&$B31&"*")+COUNTIFS(구역12!F4:F73,"9호차",구역12!E4:E73,"*"&$B31&"*")+COUNTIFS(구역12!F4:F73,"10호차",구역12!E4:E73,"*"&$B31&"*")) | C15: =IF(COUNTIFS(구역12!G4:G73,"1호차",구역12!E4:E73,"*"&$B31&"*")+COUNTIFS(구역12!G4:G73,"2호차",구역12!E4:E73,"*"&$B31&"*")+COUNTIFS(구역12!G4:G73,"3호차",구역12!E4:E73,"*"&$B31&"*")+COUNTIFS(구역12!G4:G73,"4호차",구역12!E4:E73,"*"&$B31&"*")+COUNTIFS(구역12!G4:G73,"5호차",구역12!E4:E73,"*"&$B31&"*")+COUNTIFS(구역12!G4:G73,"6호차",구역12!E4:E73,"*"&$B31&"*")+COUNTIFS(구역12!G4:G73,"7호차",구역12!E4:E73,"*"&$B31&"*")+COUNTIFS(구역12!G4:G73,"8호차",구역12!E4:E73,"*"&$B31&"*")+COUNTIFS(구역12!G4:G73,"9호차",구역12!E4:E73,"*"&$B31&"*")+COUNTIFS(구역12!G4:G73,"10호차",구역12!E4:E73,"*"&$B31&"*")=0,"",COUNTIFS(구역12!G4:G73,"1호차",구역12!E4:E73,"*"&$B31&"*")+COUNTIFS(구역12!G4:G73,"2호차",구역12!E4:E73,"*"&$B31&"*")+COUNTIFS(구역12!G4:G73,"3호차",구역12!E4:E73,"*"&$B31&"*")+COUNTIFS(구역12!G4:G73,"4호차",구역12!E4:E73,"*"&$B31&"*")+COUNTIFS(구역12!G4:G73,"5호차",구역12!E4:E73,"*"&$B31&"*")+COUNTIFS(구역12!G4:G73,"6호차",구역12!E4:E73,"*"&$B31&"*")+COUNTIFS(구역12!G4:G73,"7호차",구역12!E4:E73,"*"&$B31&"*")+COUNTIFS(구역12!G4:G73,"8호차",구역12!E4:E73,"*"&$B31&"*")+COUNTIFS(구역12!G4:G73,"9호차",구역12!E4:E73,"*"&$B31&"*")+COUNTIFS(구역12!G4:G73,"10호차",구역12!E4:E73,"*"&$B31&"*")) | D15: =IF(COUNTIFS(구역12!F4:F73,"교회차1",구역12!E4:E73,"*"&$B31&"*")+COUNTIFS(구역12!F4:F73,"교회차2",구역12!E4:E73,"*"&$B31&"*")+COUNTIFS(구역12!F4:F73,"교회차3",구역12!E4:E73,"*"&$B31&"*")+COUNTIFS(구역12!F4:F73,"교회차4",구역12!E4:E73,"*"&$B31&"*")+COUNTIFS(구역12!F4:F73,"교회차5",구역12!E4:E73,"*"&$B31&"*")+COUNTIFS(구역12!H4:H73,"*교회차*",구역12!E4:E73,"*"&$B31&"*")=0,"",COUNTIFS(구역12!F4:F73,"교회차1",구역12!E4:E73,"*"&$B31&"*")+COUNTIFS(구역12!F4:F73,"교회차2",구역12!E4:E73,"*"&$B31&"*")+COUNTIFS(구역12!F4:F73,"교회차3",구역12!E4:E73,"*"&$B31&"*")+COUNTIFS(구역12!F4:F73,"교회차4",구역12!E4:E73,"*"&$B31&"*")+COUNTIFS(구역12!F4:F73,"교회차5",구역12!E4:E73,"*"&$B31&"*")+COUNTIFS(구역12!H4:H73,"*교회차*",구역12!E4:E73,"*"&$B31&"*")) | E15: =IF(COUNTIFS(구역12!G4:G73,"교회차1",구역12!E4:E73,"*"&$B31&"*")+COUNTIFS(구역12!G4:G73,"교회차2",구역12!E4:E73,"*"&$B31&"*")+COUNTIFS(구역12!G4:G73,"교회차3",구역12!E4:E73,"*"&$B31&"*")+COUNTIFS(구역12!G4:G73,"교회차4",구역12!E4:E73,"*"&$B31&"*")+COUNTIFS(구역12!G4:G73,"교회차5",구역12!E4:E73,"*"&$B31&"*")+COUNTIFS(구역12!J4:J73,"*교회차*",구역12!E4:E73,"*"&$B31&"*")=0,"",COUNTIFS(구역12!G4:G73,"교회차1",구역12!E4:E73,"*"&$B31&"*")+COUNTIFS(구역12!G4:G73,"교회차2",구역12!E4:E73,"*"&$B31&"*")+COUNTIFS(구역12!G4:G73,"교회차3",구역12!E4:E73,"*"&$B31&"*")+COUNTIFS(구역12!G4:G73,"교회차4",구역12!E4:E73,"*"&$B31&"*")+COUNTIFS(구역12!G4:G73,"교회차5",구역12!E4:E73,"*"&$B31&"*")+COUNTIFS(구역12!J4:J73,"*교회차*",구역12!E4:E73,"*"&$B31&"*")) | F15: =IF(COUNTIFS(구역12!F4:F73,"타교회",구역12!E4:E73,"*"&$B31&"*")+COUNTIFS(구역12!H4:H73,"*타교회*",구역12!E4:E73,"*"&$B31&"*")=0,"",COUNTIFS(구역12!F4:F73,"타교회",구역12!E4:E73,"*"&$B31&"*")+COUNTIFS(구역12!H4:H73,"*타교회*",구역12!E4:E73,"*"&$B31&"*")) | G15: =IF(COUNTIFS(구역12!G4:G73,"타교회",구역12!E4:E73,"*"&$B31&"*")+COUNTIFS(구역12!J4:J73,"*타교회*",구역12!E4:E73,"*"&$B31&"*")=0,"",COUNTIFS(구역12!G4:G73,"타교회",구역12!E4:E73,"*"&$B31&"*")+COUNTIFS(구역12!J4:J73,"*타교회*",구역12!E4:E73,"*"&$B31&"*")) | H15: =IF(COUNTIFS(구역12!F4:F73,"개인차",구역12!E4:E73,"*"&$B31&"*")+(COUNTIFS(구역12!H4:H73,"?*",구역12!E4:E73,"*"&$B31&"*")-COUNTIFS(구역12!H4:H73,"*교회차*",구역12!E4:E73,"*"&$B31&"*")-COUNTIFS(구역12!H4:H73,"*타교회*",구역12!E4:E73,"*"&$B31&"*")-COUNTIFS(구역12!H4:H73,"*대중교통*",구역12!E4:E73,"*"&$B31&"*"))=0,"",COUNTIFS(구역12!F4:F73,"개인차",구역12!E4:E73,"*"&$B31&"*")+(COUNTIFS(구역12!H4:H73,"?*",구역12!E4:E73,"*"&$B31&"*")-COUNTIFS(구역12!H4:H73,"*교회차*",구역12!E4:E73,"*"&$B31&"*")-COUNTIFS(구역12!H4:H73,"*타교회*",구역12!E4:E73,"*"&$B31&"*")-COUNTIFS(구역12!H4:H73,"*대중교통*",구역12!E4:E73,"*"&$B31&"*"))) | I15: =IF(COUNTIFS(구역12!G4:G73,"개인차",구역12!E4:E73,"*"&$B31&"*")+(COUNTIFS(구역12!J4:J73,"?*",구역12!E4:E73,"*"&$B31&"*")-COUNTIFS(구역12!J4:J73,"*교회차*",구역12!E4:E73,"*"&$B31&"*")-COUNTIFS(구역12!J4:J73,"*타교회*",구역12!E4:E73,"*"&$B31&"*")-COUNTIFS(구역12!J4:J73,"*대중교통*",구역12!E4:E73,"*"&$B31&"*"))=0,"",COUNTIFS(구역12!G4:G73,"개인차",구역12!E4:E73,"*"&$B31&"*")+(COUNTIFS(구역12!J4:J73,"?*",구역12!E4:E73,"*"&$B31&"*")-COUNTIFS(구역12!J4:J73,"*교회차*",구역12!E4:E73,"*"&$B31&"*")-COUNTIFS(구역12!J4:J73,"*타교회*",구역12!E4:E73,"*"&$B31&"*")-COUNTIFS(구역12!J4:J73,"*대중교통*",구역12!E4:E73,"*"&$B31&"*"))) | J15: =IF(COUNTIFS(구역12!F4:F73,"대중교통",구역12!E4:E73,"*"&$B31&"*")+COUNTIFS(구역12!H4:H73,"*대중교통*",구역12!E4:E73,"*"&$B31&"*")=0,"",COUNTIFS(구역12!F4:F73,"대중교통",구역12!E4:E73,"*"&$B31&"*")+COUNTIFS(구역12!H4:H73,"*대중교통*",구역12!E4:E73,"*"&$B31&"*")) | K15: =IF(COUNTIFS(구역12!G4:G73,"대중교통",구역12!E4:E73,"*"&$B31&"*")+COUNTIFS(구역12!J4:J73,"*대중교통*",구역12!E4:E73,"*"&$B31&"*")=0,"",COUNTIFS(구역12!G4:G73,"대중교통",구역12!E4:E73,"*"&$B31&"*")+COUNTIFS(구역12!J4:J73,"*대중교통*",구역12!E4:E73,"*"&$B31&"*")) | L15: =IF(SUM(B15,D15,F15,H15,J15)=0,"",SUM(B15,D15,F15,H15,J15))
A16: 구역13 | B16: =IF(COUNTIFS(구역13!F4:F73,"1호차",구역13!E4:E73,"*"&$B31&"*")+COUNTIFS(구역13!F4:F73,"2호차",구역13!E4:E73,"*"&$B31&"*")+COUNTIFS(구역13!F4:F73,"3호차",구역13!E4:E73,"*"&$B31&"*")+COUNTIFS(구역13!F4:F73,"4호차",구역13!E4:E73,"*"&$B31&"*")+COUNTIFS(구역13!F4:F73,"5호차",구역13!E4:E73,"*"&$B31&"*")+COUNTIFS(구역13!F4:F73,"6호차",구역13!E4:E73,"*"&$B31&"*")+COUNTIFS(구역13!F4:F73,"7호차",구역13!E4:E73,"*"&$B31&"*")+COUNTIFS(구역13!F4:F73,"8호차",구역13!E4:E73,"*"&$B31&"*")+COUNTIFS(구역13!F4:F73,"9호차",구역13!E4:E73,"*"&$B31&"*")+COUNTIFS(구역13!F4:F73,"10호차",구역13!E4:E73,"*"&$B31&"*")=0,"",COUNTIFS(구역13!F4:F73,"1호차",구역13!E4:E73,"*"&$B31&"*")+COUNTIFS(구역13!F4:F73,"2호차",구역13!E4:E73,"*"&$B31&"*")+COUNTIFS(구역13!F4:F73,"3호차",구역13!E4:E73,"*"&$B31&"*")+COUNTIFS(구역13!F4:F73,"4호차",구역13!E4:E73,"*"&$B31&"*")+COUNTIFS(구역13!F4:F73,"5호차",구역13!E4:E73,"*"&$B31&"*")+COUNTIFS(구역13!F4:F73,"6호차",구역13!E4:E73,"*"&$B31&"*")+COUNTIFS(구역13!F4:F73,"7호차",구역13!E4:E73,"*"&$B31&"*")+COUNTIFS(구역13!F4:F73,"8호차",구역13!E4:E73,"*"&$B31&"*")+COUNTIFS(구역13!F4:F73,"9호차",구역13!E4:E73,"*"&$B31&"*")+COUNTIFS(구역13!F4:F73,"10호차",구역13!E4:E73,"*"&$B31&"*")) | C16: =IF(COUNTIFS(구역13!G4:G73,"1호차",구역13!E4:E73,"*"&$B31&"*")+COUNTIFS(구역13!G4:G73,"2호차",구역13!E4:E73,"*"&$B31&"*")+COUNTIFS(구역13!G4:G73,"3호차",구역13!E4:E73,"*"&$B31&"*")+COUNTIFS(구역13!G4:G73,"4호차",구역13!E4:E73,"*"&$B31&"*")+COUNTIFS(구역13!G4:G73,"5호차",구역13!E4:E73,"*"&$B31&"*")+COUNTIFS(구역13!G4:G73,"6호차",구역13!E4:E73,"*"&$B31&"*")+COUNTIFS(구역13!G4:G73,"7호차",구역13!E4:E73,"*"&$B31&"*")+COUNTIFS(구역13!G4:G73,"8호차",구역13!E4:E73,"*"&$B31&"*")+COUNTIFS(구역13!G4:G73,"9호차",구역13!E4:E73,"*"&$B31&"*")+COUNTIFS(구역13!G4:G73,"10호차",구역13!E4:E73,"*"&$B31&"*")=0,"",COUNTIFS(구역13!G4:G73,"1호차",구역13!E4:E73,"*"&$B31&"*")+COUNTIFS(구역13!G4:G73,"2호차",구역13!E4:E73,"*"&$B31&"*")+COUNTIFS(구역13!G4:G73,"3호차",구역13!E4:E73,"*"&$B31&"*")+COUNTIFS(구역13!G4:G73,"4호차",구역13!E4:E73,"*"&$B31&"*")+COUNTIFS(구역13!G4:G73,"5호차",구역13!E4:E73,"*"&$B31&"*")+COUNTIFS(구역13!G4:G73,"6호차",구역13!E4:E73,"*"&$B31&"*")+COUNTIFS(구역13!G4:G73,"7호차",구역13!E4:E73,"*"&$B31&"*")+COUNTIFS(구역13!G4:G73,"8호차",구역13!E4:E73,"*"&$B31&"*")+COUNTIFS(구역13!G4:G73,"9호차",구역13!E4:E73,"*"&$B31&"*")+COUNTIFS(구역13!G4:G73,"10호차",구역13!E4:E73,"*"&$B31&"*")) | D16: =IF(COUNTIFS(구역13!F4:F73,"교회차1",구역13!E4:E73,"*"&$B31&"*")+COUNTIFS(구역13!F4:F73,"교회차2",구역13!E4:E73,"*"&$B31&"*")+COUNTIFS(구역13!F4:F73,"교회차3",구역13!E4:E73,"*"&$B31&"*")+COUNTIFS(구역13!F4:F73,"교회차4",구역13!E4:E73,"*"&$B31&"*")+COUNTIFS(구역13!F4:F73,"교회차5",구역13!E4:E73,"*"&$B31&"*")+COUNTIFS(구역13!H4:H73,"*교회차*",구역13!E4:E73,"*"&$B31&"*")=0,"",COUNTIFS(구역13!F4:F73,"교회차1",구역13!E4:E73,"*"&$B31&"*")+COUNTIFS(구역13!F4:F73,"교회차2",구역13!E4:E73,"*"&$B31&"*")+COUNTIFS(구역13!F4:F73,"교회차3",구역13!E4:E73,"*"&$B31&"*")+COUNTIFS(구역13!F4:F73,"교회차4",구역13!E4:E73,"*"&$B31&"*")+COUNTIFS(구역13!F4:F73,"교회차5",구역13!E4:E73,"*"&$B31&"*")+COUNTIFS(구역13!H4:H73,"*교회차*",구역13!E4:E73,"*"&$B31&"*")) | E16: =IF(COUNTIFS(구역13!G4:G73,"교회차1",구역13!E4:E73,"*"&$B31&"*")+COUNTIFS(구역13!G4:G73,"교회차2",구역13!E4:E73,"*"&$B31&"*")+COUNTIFS(구역13!G4:G73,"교회차3",구역13!E4:E73,"*"&$B31&"*")+COUNTIFS(구역13!G4:G73,"교회차4",구역13!E4:E73,"*"&$B31&"*")+COUNTIFS(구역13!G4:G73,"교회차5",구역13!E4:E73,"*"&$B31&"*")+COUNTIFS(구역13!J4:J73,"*교회차*",구역13!E4:E73,"*"&$B31&"*")=0,"",COUNTIFS(구역13!G4:G73,"교회차1",구역13!E4:E73,"*"&$B31&"*")+COUNTIFS(구역13!G4:G73,"교회차2",구역13!E4:E73,"*"&$B31&"*")+COUNTIFS(구역13!G4:G73,"교회차3",구역13!E4:E73,"*"&$B31&"*")+COUNTIFS(구역13!G4:G73,"교회차4",구역13!E4:E73,"*"&$B31&"*")+COUNTIFS(구역13!G4:G73,"교회차5",구역13!E4:E73,"*"&$B31&"*")+COUNTIFS(구역13!J4:J73,"*교회차*",구역13!E4:E73,"*"&$B31&"*")) | F16: =IF(COUNTIFS(구역13!F4:F73,"타교회",구역13!E4:E73,"*"&$B31&"*")+COUNTIFS(구역13!H4:H73,"*타교회*",구역13!E4:E73,"*"&$B31&"*")=0,"",COUNTIFS(구역13!F4:F73,"타교회",구역13!E4:E73,"*"&$B31&"*")+COUNTIFS(구역13!H4:H73,"*타교회*",구역13!E4:E73,"*"&$B31&"*")) | G16: =IF(COUNTIFS(구역13!G4:G73,"타교회",구역13!E4:E73,"*"&$B31&"*")+COUNTIFS(구역13!J4:J73,"*타교회*",구역13!E4:E73,"*"&$B31&"*")=0,"",COUNTIFS(구역13!G4:G73,"타교회",구역13!E4:E73,"*"&$B31&"*")+COUNTIFS(구역13!J4:J73,"*타교회*",구역13!E4:E73,"*"&$B31&"*")) | H16: =IF(COUNTIFS(구역13!F4:F73,"개인차",구역13!E4:E73,"*"&$B31&"*")+(COUNTIFS(구역13!H4:H73,"?*",구역13!E4:E73,"*"&$B31&"*")-COUNTIFS(구역13!H4:H73,"*교회차*",구역13!E4:E73,"*"&$B31&"*")-COUNTIFS(구역13!H4:H73,"*타교회*",구역13!E4:E73,"*"&$B31&"*")-COUNTIFS(구역13!H4:H73,"*대중교통*",구역13!E4:E73,"*"&$B31&"*"))=0,"",COUNTIFS(구역13!F4:F73,"개인차",구역13!E4:E73,"*"&$B31&"*")+(COUNTIFS(구역13!H4:H73,"?*",구역13!E4:E73,"*"&$B31&"*")-COUNTIFS(구역13!H4:H73,"*교회차*",구역13!E4:E73,"*"&$B31&"*")-COUNTIFS(구역13!H4:H73,"*타교회*",구역13!E4:E73,"*"&$B31&"*")-COUNTIFS(구역13!H4:H73,"*대중교통*",구역13!E4:E73,"*"&$B31&"*"))) | I16: =IF(COUNTIFS(구역13!G4:G73,"개인차",구역13!E4:E73,"*"&$B31&"*")+(COUNTIFS(구역13!J4:J73,"?*",구역13!E4:E73,"*"&$B31&"*")-COUNTIFS(구역13!J4:J73,"*교회차*",구역13!E4:E73,"*"&$B31&"*")-COUNTIFS(구역13!J4:J73,"*타교회*",구역13!E4:E73,"*"&$B31&"*")-COUNTIFS(구역13!J4:J73,"*대중교통*",구역13!E4:E73,"*"&$B31&"*"))=0,"",COUNTIFS(구역13!G4:G73,"개인차",구역13!E4:E73,"*"&$B31&"*")+(COUNTIFS(구역13!J4:J73,"?*",구역13!E4:E73,"*"&$B31&"*")-COUNTIFS(구역13!J4:J73,"*교회차*",구역13!E4:E73,"*"&$B31&"*")-COUNTIFS(구역13!J4:J73,"*타교회*",구역13!E4:E73,"*"&$B31&"*")-COUNTIFS(구역13!J4:J73,"*대중교통*",구역13!E4:E73,"*"&$B31&"*"))) | J16: =IF(COUNTIFS(구역13!F4:F73,"대중교통",구역13!E4:E73,"*"&$B31&"*")+COUNTIFS(구역13!H4:H73,"*대중교통*",구역13!E4:E73,"*"&$B31&"*")=0,"",COUNTIFS(구역13!F4:F73,"대중교통",구역13!E4:E73,"*"&$B31&"*")+COUNTIFS(구역13!H4:H73,"*대중교통*",구역13!E4:E73,"*"&$B31&"*")) | K16: =IF(COUNTIFS(구역13!G4:G73,"대중교통",구역13!E4:E73,"*"&$B31&"*")+COUNTIFS(구역13!J4:J73,"*대중교통*",구역13!E4:E73,"*"&$B31&"*")=0,"",COUNTIFS(구역13!G4:G73,"대중교통",구역13!E4:E73,"*"&$B31&"*")+COUNTIFS(구역13!J4:J73,"*대중교통*",구역13!E4:E73,"*"&$B31&"*")) | L16: =IF(SUM(B16,D16,F16,H16,J16)=0,"",SUM(B16,D16,F16,H16,J16))
A17: 구역14 | B17: =IF(COUNTIFS(구역14!F4:F73,"1호차",구역14!E4:E73,"*"&$B31&"*")+COUNTIFS(구역14!F4:F73,"2호차",구역14!E4:E73,"*"&$B31&"*")+COUNTIFS(구역14!F4:F73,"3호차",구역14!E4:E73,"*"&$B31&"*")+COUNTIFS(구역14!F4:F73,"4호차",구역14!E4:E73,"*"&$B31&"*")+COUNTIFS(구역14!F4:F73,"5호차",구역14!E4:E73,"*"&$B31&"*")+COUNTIFS(구역14!F4:F73,"6호차",구역14!E4:E73,"*"&$B31&"*")+COUNTIFS(구역14!F4:F73,"7호차",구역14!E4:E73,"*"&$B31&"*")+COUNTIFS(구역14!F4:F73,"8호차",구역14!E4:E73,"*"&$B31&"*")+COUNTIFS(구역14!F4:F73,"9호차",구역14!E4:E73,"*"&$B31&"*")+COUNTIFS(구역14!F4:F73,"10호차",구역14!E4:E73,"*"&$B31&"*")=0,"",COUNTIFS(구역14!F4:F73,"1호차",구역14!E4:E73,"*"&$B31&"*")+COUNTIFS(구역14!F4:F73,"2호차",구역14!E4:E73,"*"&$B31&"*")+COUNTIFS(구역14!F4:F73,"3호차",구역14!E4:E73,"*"&$B31&"*")+COUNTIFS(구역14!F4:F73,"4호차",구역14!E4:E73,"*"&$B31&"*")+COUNTIFS(구역14!F4:F73,"5호차",구역14!E4:E73,"*"&$B31&"*")+COUNTIFS(구역14!F4:F73,"6호차",구역14!E4:E73,"*"&$B31&"*")+COUNTIFS(구역14!F4:F73,"7호차",구역14!E4:E73,"*"&$B31&"*")+COUNTIFS(구역14!F4:F73,"8호차",구역14!E4:E73,"*"&$B31&"*")+COUNTIFS(구역14!F4:F73,"9호차",구역14!E4:E73,"*"&$B31&"*")+COUNTIFS(구역14!F4:F73,"10호차",구역14!E4:E73,"*"&$B31&"*")) | C17: =IF(COUNTIFS(구역14!G4:G73,"1호차",구역14!E4:E73,"*"&$B31&"*")+COUNTIFS(구역14!G4:G73,"2호차",구역14!E4:E73,"*"&$B31&"*")+COUNTIFS(구역14!G4:G73,"3호차",구역14!E4:E73,"*"&$B31&"*")+COUNTIFS(구역14!G4:G73,"4호차",구역14!E4:E73,"*"&$B31&"*")+COUNTIFS(구역14!G4:G73,"5호차",구역14!E4:E73,"*"&$B31&"*")+COUNTIFS(구역14!G4:G73,"6호차",구역14!E4:E73,"*"&$B31&"*")+COUNTIFS(구역14!G4:G73,"7호차",구역14!E4:E73,"*"&$B31&"*")+COUNTIFS(구역14!G4:G73,"8호차",구역14!E4:E73,"*"&$B31&"*")+COUNTIFS(구역14!G4:G73,"9호차",구역14!E4:E73,"*"&$B31&"*")+COUNTIFS(구역14!G4:G73,"10호차",구역14!E4:E73,"*"&$B31&"*")=0,"",COUNTIFS(구역14!G4:G73,"1호차",구역14!E4:E73,"*"&$B31&"*")+COUNTIFS(구역14!G4:G73,"2호차",구역14!E4:E73,"*"&$B31&"*")+COUNTIFS(구역14!G4:G73,"3호차",구역14!E4:E73,"*"&$B31&"*")+COUNTIFS(구역14!G4:G73,"4호차",구역14!E4:E73,"*"&$B31&"*")+COUNTIFS(구역14!G4:G73,"5호차",구역14!E4:E73,"*"&$B31&"*")+COUNTIFS(구역14!G4:G73,"6호차",구역14!E4:E73,"*"&$B31&"*")+COUNTIFS(구역14!G4:G73,"7호차",구역14!E4:E73,"*"&$B31&"*")+COUNTIFS(구역14!G4:G73,"8호차",구역14!E4:E73,"*"&$B31&"*")+COUNTIFS(구역14!G4:G73,"9호차",구역14!E4:E73,"*"&$B31&"*")+COUNTIFS(구역14!G4:G73,"10호차",구역14!E4:E73,"*"&$B31&"*")) | D17: =IF(COUNTIFS(구역14!F4:F73,"교회차1",구역14!E4:E73,"*"&$B31&"*")+COUNTIFS(구역14!F4:F73,"교회차2",구역14!E4:E73,"*"&$B31&"*")+COUNTIFS(구역14!F4:F73,"교회차3",구역14!E4:E73,"*"&$B31&"*")+COUNTIFS(구역14!F4:F73,"교회차4",구역14!E4:E73,"*"&$B31&"*")+COUNTIFS(구역14!F4:F73,"교회차5",구역14!E4:E73,"*"&$B31&"*")+COUNTIFS(구역14!H4:H73,"*교회차*",구역14!E4:E73,"*"&$B31&"*")=0,"",COUNTIFS(구역14!F4:F73,"교회차1",구역14!E4:E73,"*"&$B31&"*")+COUNTIFS(구역14!F4:F73,"교회차2",구역14!E4:E73,"*"&$B31&"*")+COUNTIFS(구역14!F4:F73,"교회차3",구역14!E4:E73,"*"&$B31&"*")+COUNTIFS(구역14!F4:F73,"교회차4",구역14!E4:E73,"*"&$B31&"*")+COUNTIFS(구역14!F4:F73,"교회차5",구역14!E4:E73,"*"&$B31&"*")+COUNTIFS(구역14!H4:H73,"*교회차*",구역14!E4:E73,"*"&$B31&"*")) | E17: =IF(COUNTIFS(구역14!G4:G73,"교회차1",구역14!E4:E73,"*"&$B31&"*")+COUNTIFS(구역14!G4:G73,"교회차2",구역14!E4:E73,"*"&$B31&"*")+COUNTIFS(구역14!G4:G73,"교회차3",구역14!E4:E73,"*"&$B31&"*")+COUNTIFS(구역14!G4:G73,"교회차4",구역14!E4:E73,"*"&$B31&"*")+COUNTIFS(구역14!G4:G73,"교회차5",구역14!E4:E73,"*"&$B31&"*")+COUNTIFS(구역14!J4:J73,"*교회차*",구역14!E4:E73,"*"&$B31&"*")=0,"",COUNTIFS(구역14!G4:G73,"교회차1",구역14!E4:E73,"*"&$B31&"*")+COUNTIFS(구역14!G4:G73,"교회차2",구역14!E4:E73,"*"&$B31&"*")+COUNTIFS(구역14!G4:G73,"교회차3",구역14!E4:E73,"*"&$B31&"*")+COUNTIFS(구역14!G4:G73,"교회차4",구역14!E4:E73,"*"&$B31&"*")+COUNTIFS(구역14!G4:G73,"교회차5",구역14!E4:E73,"*"&$B31&"*")+COUNTIFS(구역14!J4:J73,"*교회차*",구역14!E4:E73,"*"&$B31&"*")) | F17: =IF(COUNTIFS(구역14!F4:F73,"타교회",구역14!E4:E73,"*"&$B31&"*")+COUNTIFS(구역14!H4:H73,"*타교회*",구역14!E4:E73,"*"&$B31&"*")=0,"",COUNTIFS(구역14!F4:F73,"타교회",구역14!E4:E73,"*"&$B31&"*")+COUNTIFS(구역14!H4:H73,"*타교회*",구역14!E4:E73,"*"&$B31&"*")) | G17: =IF(COUNTIFS(구역14!G4:G73,"타교회",구역14!E4:E73,"*"&$B31&"*")+COUNTIFS(구역14!J4:J73,"*타교회*",구역14!E4:E73,"*"&$B31&"*")=0,"",COUNTIFS(구역14!G4:G73,"타교회",구역14!E4:E73,"*"&$B31&"*")+COUNTIFS(구역14!J4:J73,"*타교회*",구역14!E4:E73,"*"&$B31&"*")) | H17: =IF(COUNTIFS(구역14!F4:F73,"개인차",구역14!E4:E73,"*"&$B31&"*")+(COUNTIFS(구역14!H4:H73,"?*",구역14!E4:E73,"*"&$B31&"*")-COUNTIFS(구역14!H4:H73,"*교회차*",구역14!E4:E73,"*"&$B31&"*")-COUNTIFS(구역14!H4:H73,"*타교회*",구역14!E4:E73,"*"&$B31&"*")-COUNTIFS(구역14!H4:H73,"*대중교통*",구역14!E4:E73,"*"&$B31&"*"))=0,"",COUNTIFS(구역14!F4:F73,"개인차",구역14!E4:E73,"*"&$B31&"*")+(COUNTIFS(구역14!H4:H73,"?*",구역14!E4:E73,"*"&$B31&"*")-COUNTIFS(구역14!H4:H73,"*교회차*",구역14!E4:E73,"*"&$B31&"*")-COUNTIFS(구역14!H4:H73,"*타교회*",구역14!E4:E73,"*"&$B31&"*")-COUNTIFS(구역14!H4:H73,"*대중교통*",구역14!E4:E73,"*"&$B31&"*"))) | I17: =IF(COUNTIFS(구역14!G4:G73,"개인차",구역14!E4:E73,"*"&$B31&"*")+(COUNTIFS(구역14!J4:J73,"?*",구역14!E4:E73,"*"&$B31&"*")-COUNTIFS(구역14!J4:J73,"*교회차*",구역14!E4:E73,"*"&$B31&"*")-COUNTIFS(구역14!J4:J73,"*타교회*",구역14!E4:E73,"*"&$B31&"*")-COUNTIFS(구역14!J4:J73,"*대중교통*",구역14!E4:E73,"*"&$B31&"*"))=0,"",COUNTIFS(구역14!G4:G73,"개인차",구역14!E4:E73,"*"&$B31&"*")+(COUNTIFS(구역14!J4:J73,"?*",구역14!E4:E73,"*"&$B31&"*")-COUNTIFS(구역14!J4:J73,"*교회차*",구역14!E4:E73,"*"&$B31&"*")-COUNTIFS(구역14!J4:J73,"*타교회*",구역14!E4:E73,"*"&$B31&"*")-COUNTIFS(구역14!J4:J73,"*대중교통*",구역14!E4:E73,"*"&$B31&"*"))) | J17: =IF(COUNTIFS(구역14!F4:F73,"대중교통",구역14!E4:E73,"*"&$B31&"*")+COUNTIFS(구역14!H4:H73,"*대중교통*",구역14!E4:E73,"*"&$B31&"*")=0,"",COUNTIFS(구역14!F4:F73,"대중교통",구역14!E4:E73,"*"&$B31&"*")+COUNTIFS(구역14!H4:H73,"*대중교통*",구역14!E4:E73,"*"&$B31&"*")) | K17: =IF(COUNTIFS(구역14!G4:G73,"대중교통",구역14!E4:E73,"*"&$B31&"*")+COUNTIFS(구역14!J4:J73,"*대중교통*",구역14!E4:E73,"*"&$B31&"*")=0,"",COUNTIFS(구역14!G4:G73,"대중교통",구역14!E4:E73,"*"&$B31&"*")+COUNTIFS(구역14!J4:J73,"*대중교통*",구역14!E4:E73,"*"&$B31&"*")) | L17: =IF(SUM(B17,D17,F17,H17,J17)=0,"",SUM(B17,D17,F17,H17,J17))
A18: 구역15 | B18: =IF(COUNTIFS(구역15!F4:F73,"1호차",구역15!E4:E73,"*"&$B31&"*")+COUNTIFS(구역15!F4:F73,"2호차",구역15!E4:E73,"*"&$B31&"*")+COUNTIFS(구역15!F4:F73,"3호차",구역15!E4:E73,"*"&$B31&"*")+COUNTIFS(구역15!F4:F73,"4호차",구역15!E4:E73,"*"&$B31&"*")+COUNTIFS(구역15!F4:F73,"5호차",구역15!E4:E73,"*"&$B31&"*")+COUNTIFS(구역15!F4:F73,"6호차",구역15!E4:E73,"*"&$B31&"*")+COUNTIFS(구역15!F4:F73,"7호차",구역15!E4:E73,"*"&$B31&"*")+COUNTIFS(구역15!F4:F73,"8호차",구역15!E4:E73,"*"&$B31&"*")+COUNTIFS(구역15!F4:F73,"9호차",구역15!E4:E73,"*"&$B31&"*")+COUNTIFS(구역15!F4:F73,"10호차",구역15!E4:E73,"*"&$B31&"*")=0,"",COUNTIFS(구역15!F4:F73,"1호차",구역15!E4:E73,"*"&$B31&"*")+COUNTIFS(구역15!F4:F73,"2호차",구역15!E4:E73,"*"&$B31&"*")+COUNTIFS(구역15!F4:F73,"3호차",구역15!E4:E73,"*"&$B31&"*")+COUNTIFS(구역15!F4:F73,"4호차",구역15!E4:E73,"*"&$B31&"*")+COUNTIFS(구역15!F4:F73,"5호차",구역15!E4:E73,"*"&$B31&"*")+COUNTIFS(구역15!F4:F73,"6호차",구역15!E4:E73,"*"&$B31&"*")+COUNTIFS(구역15!F4:F73,"7호차",구역15!E4:E73,"*"&$B31&"*")+COUNTIFS(구역15!F4:F73,"8호차",구역15!E4:E73,"*"&$B31&"*")+COUNTIFS(구역15!F4:F73,"9호차",구역15!E4:E73,"*"&$B31&"*")+COUNTIFS(구역15!F4:F73,"10호차",구역15!E4:E73,"*"&$B31&"*")) | C18: =IF(COUNTIFS(구역15!G4:G73,"1호차",구역15!E4:E73,"*"&$B31&"*")+COUNTIFS(구역15!G4:G73,"2호차",구역15!E4:E73,"*"&$B31&"*")+COUNTIFS(구역15!G4:G73,"3호차",구역15!E4:E73,"*"&$B31&"*")+COUNTIFS(구역15!G4:G73,"4호차",구역15!E4:E73,"*"&$B31&"*")+COUNTIFS(구역15!G4:G73,"5호차",구역15!E4:E73,"*"&$B31&"*")+COUNTIFS(구역15!G4:G73,"6호차",구역15!E4:E73,"*"&$B31&"*")+COUNTIFS(구역15!G4:G73,"7호차",구역15!E4:E73,"*"&$B31&"*")+COUNTIFS(구역15!G4:G73,"8호차",구역15!E4:E73,"*"&$B31&"*")+COUNTIFS(구역15!G4:G73,"9호차",구역15!E4:E73,"*"&$B31&"*")+COUNTIFS(구역15!G4:G73,"10호차",구역15!E4:E73,"*"&$B31&"*")=0,"",COUNTIFS(구역15!G4:G73,"1호차",구역15!E4:E73,"*"&$B31&"*")+COUNTIFS(구역15!G4:G73,"2호차",구역15!E4:E73,"*"&$B31&"*")+COUNTIFS(구역15!G4:G73,"3호차",구역15!E4:E73,"*"&$B31&"*")+COUNTIFS(구역15!G4:G73,"4호차",구역15!E4:E73,"*"&$B31&"*")+COUNTIFS(구역15!G4:G73,"5호차",구역15!E4:E73,"*"&$B31&"*")+COUNTIFS(구역15!G4:G73,"6호차",구역15!E4:E73,"*"&$B31&"*")+COUNTIFS(구역15!G4:G73,"7호차",구역15!E4:E73,"*"&$B31&"*")+COUNTIFS(구역15!G4:G73,"8호차",구역15!E4:E73,"*"&$B31&"*")+COUNTIFS(구역15!G4:G73,"9호차",구역15!E4:E73,"*"&$B31&"*")+COUNTIFS(구역15!G4:G73,"10호차",구역15!E4:E73,"*"&$B31&"*")) | D18: =IF(COUNTIFS(구역15!F4:F73,"교회차1",구역15!E4:E73,"*"&$B31&"*")+COUNTIFS(구역15!F4:F73,"교회차2",구역15!E4:E73,"*"&$B31&"*")+COUNTIFS(구역15!F4:F73,"교회차3",구역15!E4:E73,"*"&$B31&"*")+COUNTIFS(구역15!F4:F73,"교회차4",구역15!E4:E73,"*"&$B31&"*")+COUNTIFS(구역15!F4:F73,"교회차5",구역15!E4:E73,"*"&$B31&"*")+COUNTIFS(구역15!H4:H73,"*교회차*",구역15!E4:E73,"*"&$B31&"*")=0,"",COUNTIFS(구역15!F4:F73,"교회차1",구역15!E4:E73,"*"&$B31&"*")+COUNTIFS(구역15!F4:F73,"교회차2",구역15!E4:E73,"*"&$B31&"*")+COUNTIFS(구역15!F4:F73,"교회차3",구역15!E4:E73,"*"&$B31&"*")+COUNTIFS(구역15!F4:F73,"교회차4",구역15!E4:E73,"*"&$B31&"*")+COUNTIFS(구역15!F4:F73,"교회차5",구역15!E4:E73,"*"&$B31&"*")+COUNTIFS(구역15!H4:H73,"*교회차*",구역15!E4:E73,"*"&$B31&"*")) | E18: =IF(COUNTIFS(구역15!G4:G73,"교회차1",구역15!E4:E73,"*"&$B31&"*")+COUNTIFS(구역15!G4:G73,"교회차2",구역15!E4:E73,"*"&$B31&"*")+COUNTIFS(구역15!G4:G73,"교회차3",구역15!E4:E73,"*"&$B31&"*")+COUNTIFS(구역15!G4:G73,"교회차4",구역15!E4:E73,"*"&$B31&"*")+COUNTIFS(구역15!G4:G73,"교회차5",구역15!E4:E73,"*"&$B31&"*")+COUNTIFS(구역15!J4:J73,"*교회차*",구역15!E4:E73,"*"&$B31&"*")=0,"",COUNTIFS(구역15!G4:G73,"교회차1",구역15!E4:E73,"*"&$B31&"*")+COUNTIFS(구역15!G4:G73,"교회차2",구역15!E4:E73,"*"&$B31&"*")+COUNTIFS(구역15!G4:G73,"교회차3",구역15!E4:E73,"*"&$B31&"*")+COUNTIFS(구역15!G4:G73,"교회차4",구역15!E4:E73,"*"&$B31&"*")+COUNTIFS(구역15!G4:G73,"교회차5",구역15!E4:E73,"*"&$B31&"*")+COUNTIFS(구역15!J4:J73,"*교회차*",구역15!E4:E73,"*"&$B31&"*")) | F18: =IF(COUNTIFS(구역15!F4:F73,"타교회",구역15!E4:E73,"*"&$B31&"*")+COUNTIFS(구역15!H4:H73,"*타교회*",구역15!E4:E73,"*"&$B31&"*")=0,"",COUNTIFS(구역15!F4:F73,"타교회",구역15!E4:E73,"*"&$B31&"*")+COUNTIFS(구역15!H4:H73,"*타교회*",구역15!E4:E73,"*"&$B31&"*")) | G18: =IF(COUNTIFS(구역15!G4:G73,"타교회",구역15!E4:E73,"*"&$B31&"*")+COUNTIFS(구역15!J4:J73,"*타교회*",구역15!E4:E73,"*"&$B31&"*")=0,"",COUNTIFS(구역15!G4:G73,"타교회",구역15!E4:E73,"*"&$B31&"*")+COUNTIFS(구역15!J4:J73,"*타교회*",구역15!E4:E73,"*"&$B31&"*")) | H18: =IF(COUNTIFS(구역15!F4:F73,"개인차",구역15!E4:E73,"*"&$B31&"*")+(COUNTIFS(구역15!H4:H73,"?*",구역15!E4:E73,"*"&$B31&"*")-COUNTIFS(구역15!H4:H73,"*교회차*",구역15!E4:E73,"*"&$B31&"*")-COUNTIFS(구역15!H4:H73,"*타교회*",구역15!E4:E73,"*"&$B31&"*")-COUNTIFS(구역15!H4:H73,"*대중교통*",구역15!E4:E73,"*"&$B31&"*"))=0,"",COUNTIFS(구역15!F4:F73,"개인차",구역15!E4:E73,"*"&$B31&"*")+(COUNTIFS(구역15!H4:H73,"?*",구역15!E4:E73,"*"&$B31&"*")-COUNTIFS(구역15!H4:H73,"*교회차*",구역15!E4:E73,"*"&$B31&"*")-COUNTIFS(구역15!H4:H73,"*타교회*",구역15!E4:E73,"*"&$B31&"*")-COUNTIFS(구역15!H4:H73,"*대중교통*",구역15!E4:E73,"*"&$B31&"*"))) | I18: =IF(COUNTIFS(구역15!G4:G73,"개인차",구역15!E4:E73,"*"&$B31&"*")+(COUNTIFS(구역15!J4:J73,"?*",구역15!E4:E73,"*"&$B31&"*")-COUNTIFS(구역15!J4:J73,"*교회차*",구역15!E4:E73,"*"&$B31&"*")-COUNTIFS(구역15!J4:J73,"*타교회*",구역15!E4:E73,"*"&$B31&"*")-COUNTIFS(구역15!J4:J73,"*대중교통*",구역15!E4:E73,"*"&$B31&"*"))=0,"",COUNTIFS(구역15!G4:G73,"개인차",구역15!E4:E73,"*"&$B31&"*")+(COUNTIFS(구역15!J4:J73,"?*",구역15!E4:E73,"*"&$B31&"*")-COUNTIFS(구역15!J4:J73,"*교회차*",구역15!E4:E73,"*"&$B31&"*")-COUNTIFS(구역15!J4:J73,"*타교회*",구역15!E4:E73,"*"&$B31&"*")-COUNTIFS(구역15!J4:J73,"*대중교통*",구역15!E4:E73,"*"&$B31&"*"))) | J18: =IF(COUNTIFS(구역15!F4:F73,"대중교통",구역15!E4:E73,"*"&$B31&"*")+COUNTIFS(구역15!H4:H73,"*대중교통*",구역15!E4:E73,"*"&$B31&"*")=0,"",COUNTIFS(구역15!F4:F73,"대중교통",구역15!E4:E73,"*"&$B31&"*")+COUNTIFS(구역15!H4:H73,"*대중교통*",구역15!E4:E73,"*"&$B31&"*")) | K18: =IF(COUNTIFS(구역15!G4:G73,"대중교통",구역15!E4:E73,"*"&$B31&"*")+COUNTIFS(구역15!J4:J73,"*대중교통*",구역15!E4:E73,"*"&$B31&"*")=0,"",COUNTIFS(구역15!G4:G73,"대중교통",구역15!E4:E73,"*"&$B31&"*")+COUNTIFS(구역15!J4:J73,"*대중교통*",구역15!E4:E73,"*"&$B31&"*")) | L18: =IF(SUM(B18,D18,F18,H18,J18)=0,"",SUM(B18,D18,F18,H18,J18))
A19: 구역16 | B19: =IF(COUNTIFS(구역16!F4:F73,"1호차",구역16!E4:E73,"*"&$B31&"*")+COUNTIFS(구역16!F4:F73,"2호차",구역16!E4:E73,"*"&$B31&"*")+COUNTIFS(구역16!F4:F73,"3호차",구역16!E4:E73,"*"&$B31&"*")+COUNTIFS(구역16!F4:F73,"4호차",구역16!E4:E73,"*"&$B31&"*")+COUNTIFS(구역16!F4:F73,"5호차",구역16!E4:E73,"*"&$B31&"*")+COUNTIFS(구역16!F4:F73,"6호차",구역16!E4:E73,"*"&$B31&"*")+COUNTIFS(구역16!F4:F73,"7호차",구역16!E4:E73,"*"&$B31&"*")+COUNTIFS(구역16!F4:F73,"8호차",구역16!E4:E73,"*"&$B31&"*")+COUNTIFS(구역16!F4:F73,"9호차",구역16!E4:E73,"*"&$B31&"*")+COUNTIFS(구역16!F4:F73,"10호차",구역16!E4:E73,"*"&$B31&"*")=0,"",COUNTIFS(구역16!F4:F73,"1호차",구역16!E4:E73,"*"&$B31&"*")+COUNTIFS(구역16!F4:F73,"2호차",구역16!E4:E73,"*"&$B31&"*")+COUNTIFS(구역16!F4:F73,"3호차",구역16!E4:E73,"*"&$B31&"*")+COUNTIFS(구역16!F4:F73,"4호차",구역16!E4:E73,"*"&$B31&"*")+COUNTIFS(구역16!F4:F73,"5호차",구역16!E4:E73,"*"&$B31&"*")+COUNTIFS(구역16!F4:F73,"6호차",구역16!E4:E73,"*"&$B31&"*")+COUNTIFS(구역16!F4:F73,"7호차",구역16!E4:E73,"*"&$B31&"*")+COUNTIFS(구역16!F4:F73,"8호차",구역16!E4:E73,"*"&$B31&"*")+COUNTIFS(구역16!F4:F73,"9호차",구역16!E4:E73,"*"&$B31&"*")+COUNTIFS(구역16!F4:F73,"10호차",구역16!E4:E73,"*"&$B31&"*")) | C19: =IF(COUNTIFS(구역16!G4:G73,"1호차",구역16!E4:E73,"*"&$B31&"*")+COUNTIFS(구역16!G4:G73,"2호차",구역16!E4:E73,"*"&$B31&"*")+COUNTIFS(구역16!G4:G73,"3호차",구역16!E4:E73,"*"&$B31&"*")+COUNTIFS(구역16!G4:G73,"4호차",구역16!E4:E73,"*"&$B31&"*")+COUNTIFS(구역16!G4:G73,"5호차",구역16!E4:E73,"*"&$B31&"*")+COUNTIFS(구역16!G4:G73,"6호차",구역16!E4:E73,"*"&$B31&"*")+COUNTIFS(구역16!G4:G73,"7호차",구역16!E4:E73,"*"&$B31&"*")+COUNTIFS(구역16!G4:G73,"8호차",구역16!E4:E73,"*"&$B31&"*")+COUNTIFS(구역16!G4:G73,"9호차",구역16!E4:E73,"*"&$B31&"*")+COUNTIFS(구역16!G4:G73,"10호차",구역16!E4:E73,"*"&$B31&"*")=0,"",COUNTIFS(구역16!G4:G73,"1호차",구역16!E4:E73,"*"&$B31&"*")+COUNTIFS(구역16!G4:G73,"2호차",구역16!E4:E73,"*"&$B31&"*")+COUNTIFS(구역16!G4:G73,"3호차",구역16!E4:E73,"*"&$B31&"*")+COUNTIFS(구역16!G4:G73,"4호차",구역16!E4:E73,"*"&$B31&"*")+COUNTIFS(구역16!G4:G73,"5호차",구역16!E4:E73,"*"&$B31&"*")+COUNTIFS(구역16!G4:G73,"6호차",구역16!E4:E73,"*"&$B31&"*")+COUNTIFS(구역16!G4:G73,"7호차",구역16!E4:E73,"*"&$B31&"*")+COUNTIFS(구역16!G4:G73,"8호차",구역16!E4:E73,"*"&$B31&"*")+COUNTIFS(구역16!G4:G73,"9호차",구역16!E4:E73,"*"&$B31&"*")+COUNTIFS(구역16!G4:G73,"10호차",구역16!E4:E73,"*"&$B31&"*")) | D19: =IF(COUNTIFS(구역16!F4:F73,"교회차1",구역16!E4:E73,"*"&$B31&"*")+COUNTIFS(구역16!F4:F73,"교회차2",구역16!E4:E73,"*"&$B31&"*")+COUNTIFS(구역16!F4:F73,"교회차3",구역16!E4:E73,"*"&$B31&"*")+COUNTIFS(구역16!F4:F73,"교회차4",구역16!E4:E73,"*"&$B31&"*")+COUNTIFS(구역16!F4:F73,"교회차5",구역16!E4:E73,"*"&$B31&"*")+COUNTIFS(구역16!H4:H73,"*교회차*",구역16!E4:E73,"*"&$B31&"*")=0,"",COUNTIFS(구역16!F4:F73,"교회차1",구역16!E4:E73,"*"&$B31&"*")+COUNTIFS(구역16!F4:F73,"교회차2",구역16!E4:E73,"*"&$B31&"*")+COUNTIFS(구역16!F4:F73,"교회차3",구역16!E4:E73,"*"&$B31&"*")+COUNTIFS(구역16!F4:F73,"교회차4",구역16!E4:E73,"*"&$B31&"*")+COUNTIFS(구역16!F4:F73,"교회차5",구역16!E4:E73,"*"&$B31&"*")+COUNTIFS(구역16!H4:H73,"*교회차*",구역16!E4:E73,"*"&$B31&"*")) | E19: =IF(COUNTIFS(구역16!G4:G73,"교회차1",구역16!E4:E73,"*"&$B31&"*")+COUNTIFS(구역16!G4:G73,"교회차2",구역16!E4:E73,"*"&$B31&"*")+COUNTIFS(구역16!G4:G73,"교회차3",구역16!E4:E73,"*"&$B31&"*")+COUNTIFS(구역16!G4:G73,"교회차4",구역16!E4:E73,"*"&$B31&"*")+COUNTIFS(구역16!G4:G73,"교회차5",구역16!E4:E73,"*"&$B31&"*")+COUNTIFS(구역16!J4:J73,"*교회차*",구역16!E4:E73,"*"&$B31&"*")=0,"",COUNTIFS(구역16!G4:G73,"교회차1",구역16!E4:E73,"*"&$B31&"*")+COUNTIFS(구역16!G4:G73,"교회차2",구역16!E4:E73,"*"&$B31&"*")+COUNTIFS(구역16!G4:G73,"교회차3",구역16!E4:E73,"*"&$B31&"*")+COUNTIFS(구역16!G4:G73,"교회차4",구역16!E4:E73,"*"&$B31&"*")+COUNTIFS(구역16!G4:G73,"교회차5",구역16!E4:E73,"*"&$B31&"*")+COUNTIFS(구역16!J4:J73,"*교회차*",구역16!E4:E73,"*"&$B31&"*")) | F19: =IF(COUNTIFS(구역16!F4:F73,"타교회",구역16!E4:E73,"*"&$B31&"*")+COUNTIFS(구역16!H4:H73,"*타교회*",구역16!E4:E73,"*"&$B31&"*")=0,"",COUNTIFS(구역16!F4:F73,"타교회",구역16!E4:E73,"*"&$B31&"*")+COUNTIFS(구역16!H4:H73,"*타교회*",구역16!E4:E73,"*"&$B31&"*")) | G19: =IF(COUNTIFS(구역16!G4:G73,"타교회",구역16!E4:E73,"*"&$B31&"*")+COUNTIFS(구역16!J4:J73,"*타교회*",구역16!E4:E73,"*"&$B31&"*")=0,"",COUNTIFS(구역16!G4:G73,"타교회",구역16!E4:E73,"*"&$B31&"*")+COUNTIFS(구역16!J4:J73,"*타교회*",구역16!E4:E73,"*"&$B31&"*")) | H19: =IF(COUNTIFS(구역16!F4:F73,"개인차",구역16!E4:E73,"*"&$B31&"*")+(COUNTIFS(구역16!H4:H73,"?*",구역16!E4:E73,"*"&$B31&"*")-COUNTIFS(구역16!H4:H73,"*교회차*",구역16!E4:E73,"*"&$B31&"*")-COUNTIFS(구역16!H4:H73,"*타교회*",구역16!E4:E73,"*"&$B31&"*")-COUNTIFS(구역16!H4:H73,"*대중교통*",구역16!E4:E73,"*"&$B31&"*"))=0,"",COUNTIFS(구역16!F4:F73,"개인차",구역16!E4:E73,"*"&$B31&"*")+(COUNTIFS(구역16!H4:H73,"?*",구역16!E4:E73,"*"&$B31&"*")-COUNTIFS(구역16!H4:H73,"*교회차*",구역16!E4:E73,"*"&$B31&"*")-COUNTIFS(구역16!H4:H73,"*타교회*",구역16!E4:E73,"*"&$B31&"*")-COUNTIFS(구역16!H4:H73,"*대중교통*",구역16!E4:E73,"*"&$B31&"*"))) | I19: =IF(COUNTIFS(구역16!G4:G73,"개인차",구역16!E4:E73,"*"&$B31&"*")+(COUNTIFS(구역16!J4:J73,"?*",구역16!E4:E73,"*"&$B31&"*")-COUNTIFS(구역16!J4:J73,"*교회차*",구역16!E4:E73,"*"&$B31&"*")-COUNTIFS(구역16!J4:J73,"*타교회*",구역16!E4:E73,"*"&$B31&"*")-COUNTIFS(구역16!J4:J73,"*대중교통*",구역16!E4:E73,"*"&$B31&"*"))=0,"",COUNTIFS(구역16!G4:G73,"개인차",구역16!E4:E73,"*"&$B31&"*")+(COUNTIFS(구역16!J4:J73,"?*",구역16!E4:E73,"*"&$B31&"*")-COUNTIFS(구역16!J4:J73,"*교회차*",구역16!E4:E73,"*"&$B31&"*")-COUNTIFS(구역16!J4:J73,"*타교회*",구역16!E4:E73,"*"&$B31&"*")-COUNTIFS(구역16!J4:J73,"*대중교통*",구역16!E4:E73,"*"&$B31&"*"))) | J19: =IF(COUNTIFS(구역16!F4:F73,"대중교통",구역16!E4:E73,"*"&$B31&"*")+COUNTIFS(구역16!H4:H73,"*대중교통*",구역16!E4:E73,"*"&$B31&"*")=0,"",COUNTIFS(구역16!F4:F73,"대중교통",구역16!E4:E73,"*"&$B31&"*")+COUNTIFS(구역16!H4:H73,"*대중교통*",구역16!E4:E73,"*"&$B31&"*")) | K19: =IF(COUNTIFS(구역16!G4:G73,"대중교통",구역16!E4:E73,"*"&$B31&"*")+COUNTIFS(구역16!J4:J73,"*대중교통*",구역16!E4:E73,"*"&$B31&"*")=0,"",COUNTIFS(구역16!G4:G73,"대중교통",구역16!E4:E73,"*"&$B31&"*")+COUNTIFS(구역16!J4:J73,"*대중교통*",구역16!E4:E73,"*"&$B31&"*")) | L19: =IF(SUM(B19,D19,F19,H19,J19)=0,"",SUM(B19,D19,F19,H19,J19))
A20: 구역17 | B20: =IF(COUNTIFS(구역17!F4:F73,"1호차",구역17!E4:E73,"*"&$B31&"*")+COUNTIFS(구역17!F4:F73,"2호차",구역17!E4:E73,"*"&$B31&"*")+COUNTIFS(구역17!F4:F73,"3호차",구역17!E4:E73,"*"&$B31&"*")+COUNTIFS(구역17!F4:F73,"4호차",구역17!E4:E73,"*"&$B31&"*")+COUNTIFS(구역17!F4:F73,"5호차",구역17!E4:E73,"*"&$B31&"*")+COUNTIFS(구역17!F4:F73,"6호차",구역17!E4:E73,"*"&$B31&"*")+COUNTIFS(구역17!F4:F73,"7호차",구역17!E4:E73,"*"&$B31&"*")+COUNTIFS(구역17!F4:F73,"8호차",구역17!E4:E73,"*"&$B31&"*")+COUNTIFS(구역17!F4:F73,"9호차",구역17!E4:E73,"*"&$B31&"*")+COUNTIFS(구역17!F4:F73,"10호차",구역17!E4:E73,"*"&$B31&"*")=0,"",COUNTIFS(구역17!F4:F73,"1호차",구역17!E4:E73,"*"&$B31&"*")+COUNTIFS(구역17!F4:F73,"2호차",구역17!E4:E73,"*"&$B31&"*")+COUNTIFS(구역17!F4:F73,"3호차",구역17!E4:E73,"*"&$B31&"*")+COUNTIFS(구역17!F4:F73,"4호차",구역17!E4:E73,"*"&$B31&"*")+COUNTIFS(구역17!F4:F73,"5호차",구역17!E4:E73,"*"&$B31&"*")+COUNTIFS(구역17!F4:F73,"6호차",구역17!E4:E73,"*"&$B31&"*")+COUNTIFS(구역17!F4:F73,"7호차",구역17!E4:E73,"*"&$B31&"*")+COUNTIFS(구역17!F4:F73,"8호차",구역17!E4:E73,"*"&$B31&"*")+COUNTIFS(구역17!F4:F73,"9호차",구역17!E4:E73,"*"&$B31&"*")+COUNTIFS(구역17!F4:F73,"10호차",구역17!E4:E73,"*"&$B31&"*")) | C20: =IF(COUNTIFS(구역17!G4:G73,"1호차",구역17!E4:E73,"*"&$B31&"*")+COUNTIFS(구역17!G4:G73,"2호차",구역17!E4:E73,"*"&$B31&"*")+COUNTIFS(구역17!G4:G73,"3호차",구역17!E4:E73,"*"&$B31&"*")+COUNTIFS(구역17!G4:G73,"4호차",구역17!E4:E73,"*"&$B31&"*")+COUNTIFS(구역17!G4:G73,"5호차",구역17!E4:E73,"*"&$B31&"*")+COUNTIFS(구역17!G4:G73,"6호차",구역17!E4:E73,"*"&$B31&"*")+COUNTIFS(구역17!G4:G73,"7호차",구역17!E4:E73,"*"&$B31&"*")+COUNTIFS(구역17!G4:G73,"8호차",구역17!E4:E73,"*"&$B31&"*")+COUNTIFS(구역17!G4:G73,"9호차",구역17!E4:E73,"*"&$B31&"*")+COUNTIFS(구역17!G4:G73,"10호차",구역17!E4:E73,"*"&$B31&"*")=0,"",COUNTIFS(구역17!G4:G73,"1호차",구역17!E4:E73,"*"&$B31&"*")+COUNTIFS(구역17!G4:G73,"2호차",구역17!E4:E73,"*"&$B31&"*")+COUNTIFS(구역17!G4:G73,"3호차",구역17!E4:E73,"*"&$B31&"*")+COUNTIFS(구역17!G4:G73,"4호차",구역17!E4:E73,"*"&$B31&"*")+COUNTIFS(구역17!G4:G73,"5호차",구역17!E4:E73,"*"&$B31&"*")+COUNTIFS(구역17!G4:G73,"6호차",구역17!E4:E73,"*"&$B31&"*")+COUNTIFS(구역17!G4:G73,"7호차",구역17!E4:E73,"*"&$B31&"*")+COUNTIFS(구역17!G4:G73,"8호차",구역17!E4:E73,"*"&$B31&"*")+COUNTIFS(구역17!G4:G73,"9호차",구역17!E4:E73,"*"&$B31&"*")+COUNTIFS(구역17!G4:G73,"10호차",구역17!E4:E73,"*"&$B31&"*")) | D20: =IF(COUNTIFS(구역17!F4:F73,"교회차1",구역17!E4:E73,"*"&$B31&"*")+COUNTIFS(구역17!F4:F73,"교회차2",구역17!E4:E73,"*"&$B31&"*")+COUNTIFS(구역17!F4:F73,"교회차3",구역17!E4:E73,"*"&$B31&"*")+COUNTIFS(구역17!F4:F73,"교회차4",구역17!E4:E73,"*"&$B31&"*")+COUNTIFS(구역17!F4:F73,"교회차5",구역17!E4:E73,"*"&$B31&"*")+COUNTIFS(구역17!H4:H73,"*교회차*",구역17!E4:E73,"*"&$B31&"*")=0,"",COUNTIFS(구역17!F4:F73,"교회차1",구역17!E4:E73,"*"&$B31&"*")+COUNTIFS(구역17!F4:F73,"교회차2",구역17!E4:E73,"*"&$B31&"*")+COUNTIFS(구역17!F4:F73,"교회차3",구역17!E4:E73,"*"&$B31&"*")+COUNTIFS(구역17!F4:F73,"교회차4",구역17!E4:E73,"*"&$B31&"*")+COUNTIFS(구역17!F4:F73,"교회차5",구역17!E4:E73,"*"&$B31&"*")+COUNTIFS(구역17!H4:H73,"*교회차*",구역17!E4:E73,"*"&$B31&"*")) | E20: =IF(COUNTIFS(구역17!G4:G73,"교회차1",구역17!E4:E73,"*"&$B31&"*")+COUNTIFS(구역17!G4:G73,"교회차2",구역17!E4:E73,"*"&$B31&"*")+COUNTIFS(구역17!G4:G73,"교회차3",구역17!E4:E73,"*"&$B31&"*")+COUNTIFS(구역17!G4:G73,"교회차4",구역17!E4:E73,"*"&$B31&"*")+COUNTIFS(구역17!G4:G73,"교회차5",구역17!E4:E73,"*"&$B31&"*")+COUNTIFS(구역17!J4:J73,"*교회차*",구역17!E4:E73,"*"&$B31&"*")=0,"",COUNTIFS(구역17!G4:G73,"교회차1",구역17!E4:E73,"*"&$B31&"*")+COUNTIFS(구역17!G4:G73,"교회차2",구역17!E4:E73,"*"&$B31&"*")+COUNTIFS(구역17!G4:G73,"교회차3",구역17!E4:E73,"*"&$B31&"*")+COUNTIFS(구역17!G4:G73,"교회차4",구역17!E4:E73,"*"&$B31&"*")+COUNTIFS(구역17!G4:G73,"교회차5",구역17!E4:E73,"*"&$B31&"*")+COUNTIFS(구역17!J4:J73,"*교회차*",구역17!E4:E73,"*"&$B31&"*")) | F20: =IF(COUNTIFS(구역17!F4:F73,"타교회",구역17!E4:E73,"*"&$B31&"*")+COUNTIFS(구역17!H4:H73,"*타교회*",구역17!E4:E73,"*"&$B31&"*")=0,"",COUNTIFS(구역17!F4:F73,"타교회",구역17!E4:E73,"*"&$B31&"*")+COUNTIFS(구역17!H4:H73,"*타교회*",구역17!E4:E73,"*"&$B31&"*")) | G20: =IF(COUNTIFS(구역17!G4:G73,"타교회",구역17!E4:E73,"*"&$B31&"*")+COUNTIFS(구역17!J4:J73,"*타교회*",구역17!E4:E73,"*"&$B31&"*")=0,"",COUNTIFS(구역17!G4:G73,"타교회",구역17!E4:E73,"*"&$B31&"*")+COUNTIFS(구역17!J4:J73,"*타교회*",구역17!E4:E73,"*"&$B31&"*")) | H20: =IF(COUNTIFS(구역17!F4:F73,"개인차",구역17!E4:E73,"*"&$B31&"*")+(COUNTIFS(구역17!H4:H73,"?*",구역17!E4:E73,"*"&$B31&"*")-COUNTIFS(구역17!H4:H73,"*교회차*",구역17!E4:E73,"*"&$B31&"*")-COUNTIFS(구역17!H4:H73,"*타교회*",구역17!E4:E73,"*"&$B31&"*")-COUNTIFS(구역17!H4:H73,"*대중교통*",구역17!E4:E73,"*"&$B31&"*"))=0,"",COUNTIFS(구역17!F4:F73,"개인차",구역17!E4:E73,"*"&$B31&"*")+(COUNTIFS(구역17!H4:H73,"?*",구역17!E4:E73,"*"&$B31&"*")-COUNTIFS(구역17!H4:H73,"*교회차*",구역17!E4:E73,"*"&$B31&"*")-COUNTIFS(구역17!H4:H73,"*타교회*",구역17!E4:E73,"*"&$B31&"*")-COUNTIFS(구역17!H4:H73,"*대중교통*",구역17!E4:E73,"*"&$B31&"*"))) | I20: =IF(COUNTIFS(구역17!G4:G73,"개인차",구역17!E4:E73,"*"&$B31&"*")+(COUNTIFS(구역17!J4:J73,"?*",구역17!E4:E73,"*"&$B31&"*")-COUNTIFS(구역17!J4:J73,"*교회차*",구역17!E4:E73,"*"&$B31&"*")-COUNTIFS(구역17!J4:J73,"*타교회*",구역17!E4:E73,"*"&$B31&"*")-COUNTIFS(구역17!J4:J73,"*대중교통*",구역17!E4:E73,"*"&$B31&"*"))=0,"",COUNTIFS(구역17!G4:G73,"개인차",구역17!E4:E73,"*"&$B31&"*")+(COUNTIFS(구역17!J4:J73,"?*",구역17!E4:E73,"*"&$B31&"*")-COUNTIFS(구역17!J4:J73,"*교회차*",구역17!E4:E73,"*"&$B31&"*")-COUNTIFS(구역17!J4:J73,"*타교회*",구역17!E4:E73,"*"&$B31&"*")-COUNTIFS(구역17!J4:J73,"*대중교통*",구역17!E4:E73,"*"&$B31&"*"))) | J20: =IF(COUNTIFS(구역17!F4:F73,"대중교통",구역17!E4:E73,"*"&$B31&"*")+COUNTIFS(구역17!H4:H73,"*대중교통*",구역17!E4:E73,"*"&$B31&"*")=0,"",COUNTIFS(구역17!F4:F73,"대중교통",구역17!E4:E73,"*"&$B31&"*")+COUNTIFS(구역17!H4:H73,"*대중교통*",구역17!E4:E73,"*"&$B31&"*")) | K20: =IF(COUNTIFS(구역17!G4:G73,"대중교통",구역17!E4:E73,"*"&$B31&"*")+COUNTIFS(구역17!J4:J73,"*대중교통*",구역17!E4:E73,"*"&$B31&"*")=0,"",COUNTIFS(구역17!G4:G73,"대중교통",구역17!E4:E73,"*"&$B31&"*")+COUNTIFS(구역17!J4:J73,"*대중교통*",구역17!E4:E73,"*"&$B31&"*")) | L20: =IF(SUM(B20,D20,F20,H20,J20)=0,"",SUM(B20,D20,F20,H20,J20))
A21: 구역18 | B21: =IF(COUNTIFS(구역18!F4:F73,"1호차",구역18!E4:E73,"*"&$B31&"*")+COUNTIFS(구역18!F4:F73,"2호차",구역18!E4:E73,"*"&$B31&"*")+COUNTIFS(구역18!F4:F73,"3호차",구역18!E4:E73,"*"&$B31&"*")+COUNTIFS(구역18!F4:F73,"4호차",구역18!E4:E73,"*"&$B31&"*")+COUNTIFS(구역18!F4:F73,"5호차",구역18!E4:E73,"*"&$B31&"*")+COUNTIFS(구역18!F4:F73,"6호차",구역18!E4:E73,"*"&$B31&"*")+COUNTIFS(구역18!F4:F73,"7호차",구역18!E4:E73,"*"&$B31&"*")+COUNTIFS(구역18!F4:F73,"8호차",구역18!E4:E73,"*"&$B31&"*")+COUNTIFS(구역18!F4:F73,"9호차",구역18!E4:E73,"*"&$B31&"*")+COUNTIFS(구역18!F4:F73,"10호차",구역18!E4:E73,"*"&$B31&"*")=0,"",COUNTIFS(구역18!F4:F73,"1호차",구역18!E4:E73,"*"&$B31&"*")+COUNTIFS(구역18!F4:F73,"2호차",구역18!E4:E73,"*"&$B31&"*")+COUNTIFS(구역18!F4:F73,"3호차",구역18!E4:E73,"*"&$B31&"*")+COUNTIFS(구역18!F4:F73,"4호차",구역18!E4:E73,"*"&$B31&"*")+COUNTIFS(구역18!F4:F73,"5호차",구역18!E4:E73,"*"&$B31&"*")+COUNTIFS(구역18!F4:F73,"6호차",구역18!E4:E73,"*"&$B31&"*")+COUNTIFS(구역18!F4:F73,"7호차",구역18!E4:E73,"*"&$B31&"*")+COUNTIFS(구역18!F4:F73,"8호차",구역18!E4:E73,"*"&$B31&"*")+COUNTIFS(구역18!F4:F73,"9호차",구역18!E4:E73,"*"&$B31&"*")+COUNTIFS(구역18!F4:F73,"10호차",구역18!E4:E73,"*"&$B31&"*")) | C21: =IF(COUNTIFS(구역18!G4:G73,"1호차",구역18!E4:E73,"*"&$B31&"*")+COUNTIFS(구역18!G4:G73,"2호차",구역18!E4:E73,"*"&$B31&"*")+COUNTIFS(구역18!G4:G73,"3호차",구역18!E4:E73,"*"&$B31&"*")+COUNTIFS(구역18!G4:G73,"4호차",구역18!E4:E73,"*"&$B31&"*")+COUNTIFS(구역18!G4:G73,"5호차",구역18!E4:E73,"*"&$B31&"*")+COUNTIFS(구역18!G4:G73,"6호차",구역18!E4:E73,"*"&$B31&"*")+COUNTIFS(구역18!G4:G73,"7호차",구역18!E4:E73,"*"&$B31&"*")+COUNTIFS(구역18!G4:G73,"8호차",구역18!E4:E73,"*"&$B31&"*")+COUNTIFS(구역18!G4:G73,"9호차",구역18!E4:E73,"*"&$B31&"*")+COUNTIFS(구역18!G4:G73,"10호차",구역18!E4:E73,"*"&$B31&"*")=0,"",COUNTIFS(구역18!G4:G73,"1호차",구역18!E4:E73,"*"&$B31&"*")+COUNTIFS(구역18!G4:G73,"2호차",구역18!E4:E73,"*"&$B31&"*")+COUNTIFS(구역18!G4:G73,"3호차",구역18!E4:E73,"*"&$B31&"*")+COUNTIFS(구역18!G4:G73,"4호차",구역18!E4:E73,"*"&$B31&"*")+COUNTIFS(구역18!G4:G73,"5호차",구역18!E4:E73,"*"&$B31&"*")+COUNTIFS(구역18!G4:G73,"6호차",구역18!E4:E73,"*"&$B31&"*")+COUNTIFS(구역18!G4:G73,"7호차",구역18!E4:E73,"*"&$B31&"*")+COUNTIFS(구역18!G4:G73,"8호차",구역18!E4:E73,"*"&$B31&"*")+COUNTIFS(구역18!G4:G73,"9호차",구역18!E4:E73,"*"&$B31&"*")+COUNTIFS(구역18!G4:G73,"10호차",구역18!E4:E73,"*"&$B31&"*")) | D21: =IF(COUNTIFS(구역18!F4:F73,"교회차1",구역18!E4:E73,"*"&$B31&"*")+COUNTIFS(구역18!F4:F73,"교회차2",구역18!E4:E73,"*"&$B31&"*")+COUNTIFS(구역18!F4:F73,"교회차3",구역18!E4:E73,"*"&$B31&"*")+COUNTIFS(구역18!F4:F73,"교회차4",구역18!E4:E73,"*"&$B31&"*")+COUNTIFS(구역18!F4:F73,"교회차5",구역18!E4:E73,"*"&$B31&"*")+COUNTIFS(구역18!H4:H73,"*교회차*",구역18!E4:E73,"*"&$B31&"*")=0,"",COUNTIFS(구역18!F4:F73,"교회차1",구역18!E4:E73,"*"&$B31&"*")+COUNTIFS(구역18!F4:F73,"교회차2",구역18!E4:E73,"*"&$B31&"*")+COUNTIFS(구역18!F4:F73,"교회차3",구역18!E4:E73,"*"&$B31&"*")+COUNTIFS(구역18!F4:F73,"교회차4",구역18!E4:E73,"*"&$B31&"*")+COUNTIFS(구역18!F4:F73,"교회차5",구역18!E4:E73,"*"&$B31&"*")+COUNTIFS(구역18!H4:H73,"*교회차*",구역18!E4:E73,"*"&$B31&"*")) | E21: =IF(COUNTIFS(구역18!G4:G73,"교회차1",구역18!E4:E73,"*"&$B31&"*")+COUNTIFS(구역18!G4:G73,"교회차2",구역18!E4:E73,"*"&$B31&"*")+COUNTIFS(구역18!G4:G73,"교회차3",구역18!E4:E73,"*"&$B31&"*")+COUNTIFS(구역18!G4:G73,"교회차4",구역18!E4:E73,"*"&$B31&"*")+COUNTIFS(구역18!G4:G73,"교회차5",구역18!E4:E73,"*"&$B31&"*")+COUNTIFS(구역18!J4:J73,"*교회차*",구역18!E4:E73,"*"&$B31&"*")=0,"",COUNTIFS(구역18!G4:G73,"교회차1",구역18!E4:E73,"*"&$B31&"*")+COUNTIFS(구역18!G4:G73,"교회차2",구역18!E4:E73,"*"&$B31&"*")+COUNTIFS(구역18!G4:G73,"교회차3",구역18!E4:E73,"*"&$B31&"*")+COUNTIFS(구역18!G4:G73,"교회차4",구역18!E4:E73,"*"&$B31&"*")+COUNTIFS(구역18!G4:G73,"교회차5",구역18!E4:E73,"*"&$B31&"*")+COUNTIFS(구역18!J4:J73,"*교회차*",구역18!E4:E73,"*"&$B31&"*")) | F21: =IF(COUNTIFS(구역18!F4:F73,"타교회",구역18!E4:E73,"*"&$B31&"*")+COUNTIFS(구역18!H4:H73,"*타교회*",구역18!E4:E73,"*"&$B31&"*")=0,"",COUNTIFS(구역18!F4:F73,"타교회",구역18!E4:E73,"*"&$B31&"*")+COUNTIFS(구역18!H4:H73,"*타교회*",구역18!E4:E73,"*"&$B31&"*")) | G21: =IF(COUNTIFS(구역18!G4:G73,"타교회",구역18!E4:E73,"*"&$B31&"*")+COUNTIFS(구역18!J4:J73,"*타교회*",구역18!E4:E73,"*"&$B31&"*")=0,"",COUNTIFS(구역18!G4:G73,"타교회",구역18!E4:E73,"*"&$B31&"*")+COUNTIFS(구역18!J4:J73,"*타교회*",구역18!E4:E73,"*"&$B31&"*")) | H21: =IF(COUNTIFS(구역18!F4:F73,"개인차",구역18!E4:E73,"*"&$B31&"*")+(COUNTIFS(구역18!H4:H73,"?*",구역18!E4:E73,"*"&$B31&"*")-COUNTIFS(구역18!H4:H73,"*교회차*",구역18!E4:E73,"*"&$B31&"*")-COUNTIFS(구역18!H4:H73,"*타교회*",구역18!E4:E73,"*"&$B31&"*")-COUNTIFS(구역18!H4:H73,"*대중교통*",구역18!E4:E73,"*"&$B31&"*"))=0,"",COUNTIFS(구역18!F4:F73,"개인차",구역18!E4:E73,"*"&$B31&"*")+(COUNTIFS(구역18!H4:H73,"?*",구역18!E4:E73,"*"&$B31&"*")-COUNTIFS(구역18!H4:H73,"*교회차*",구역18!E4:E73,"*"&$B31&"*")-COUNTIFS(구역18!H4:H73,"*타교회*",구역18!E4:E73,"*"&$B31&"*")-COUNTIFS(구역18!H4:H73,"*대중교통*",구역18!E4:E73,"*"&$B31&"*"))) | I21: =IF(COUNTIFS(구역18!G4:G73,"개인차",구역18!E4:E73,"*"&$B31&"*")+(COUNTIFS(구역18!J4:J73,"?*",구역18!E4:E73,"*"&$B31&"*")-COUNTIFS(구역18!J4:J73,"*교회차*",구역18!E4:E73,"*"&$B31&"*")-COUNTIFS(구역18!J4:J73,"*타교회*",구역18!E4:E73,"*"&$B31&"*")-COUNTIFS(구역18!J4:J73,"*대중교통*",구역18!E4:E73,"*"&$B31&"*"))=0,"",COUNTIFS(구역18!G4:G73,"개인차",구역18!E4:E73,"*"&$B31&"*")+(COUNTIFS(구역18!J4:J73,"?*",구역18!E4:E73,"*"&$B31&"*")-COUNTIFS(구역18!J4:J73,"*교회차*",구역18!E4:E73,"*"&$B31&"*")-COUNTIFS(구역18!J4:J73,"*타교회*",구역18!E4:E73,"*"&$B31&"*")-COUNTIFS(구역18!J4:J73,"*대중교통*",구역18!E4:E73,"*"&$B31&"*"))) | J21: =IF(COUNTIFS(구역18!F4:F73,"대중교통",구역18!E4:E73,"*"&$B31&"*")+COUNTIFS(구역18!H4:H73,"*대중교통*",구역18!E4:E73,"*"&$B31&"*")=0,"",COUNTIFS(구역18!F4:F73,"대중교통",구역18!E4:E73,"*"&$B31&"*")+COUNTIFS(구역18!H4:H73,"*대중교통*",구역18!E4:E73,"*"&$B31&"*")) | K21: =IF(COUNTIFS(구역18!G4:G73,"대중교통",구역18!E4:E73,"*"&$B31&"*")+COUNTIFS(구역18!J4:J73,"*대중교통*",구역18!E4:E73,"*"&$B31&"*")=0,"",COUNTIFS(구역18!G4:G73,"대중교통",구역18!E4:E73,"*"&$B31&"*")+COUNTIFS(구역18!J4:J73,"*대중교통*",구역18!E4:E73,"*"&$B31&"*")) | L21: =IF(SUM(B21,D21,F21,H21,J21)=0,"",SUM(B21,D21,F21,H21,J21))
A22: 구역19 | B22: =IF(COUNTIFS(구역19!F4:F73,"1호차",구역19!E4:E73,"*"&$B31&"*")+COUNTIFS(구역19!F4:F73,"2호차",구역19!E4:E73,"*"&$B31&"*")+COUNTIFS(구역19!F4:F73,"3호차",구역19!E4:E73,"*"&$B31&"*")+COUNTIFS(구역19!F4:F73,"4호차",구역19!E4:E73,"*"&$B31&"*")+COUNTIFS(구역19!F4:F73,"5호차",구역19!E4:E73,"*"&$B31&"*")+COUNTIFS(구역19!F4:F73,"6호차",구역19!E4:E73,"*"&$B31&"*")+COUNTIFS(구역19!F4:F73,"7호차",구역19!E4:E73,"*"&$B31&"*")+COUNTIFS(구역19!F4:F73,"8호차",구역19!E4:E73,"*"&$B31&"*")+COUNTIFS(구역19!F4:F73,"9호차",구역19!E4:E73,"*"&$B31&"*")+COUNTIFS(구역19!F4:F73,"10호차",구역19!E4:E73,"*"&$B31&"*")=0,"",COUNTIFS(구역19!F4:F73,"1호차",구역19!E4:E73,"*"&$B31&"*")+COUNTIFS(구역19!F4:F73,"2호차",구역19!E4:E73,"*"&$B31&"*")+COUNTIFS(구역19!F4:F73,"3호차",구역19!E4:E73,"*"&$B31&"*")+COUNTIFS(구역19!F4:F73,"4호차",구역19!E4:E73,"*"&$B31&"*")+COUNTIFS(구역19!F4:F73,"5호차",구역19!E4:E73,"*"&$B31&"*")+COUNTIFS(구역19!F4:F73,"6호차",구역19!E4:E73,"*"&$B31&"*")+COUNTIFS(구역19!F4:F73,"7호차",구역19!E4:E73,"*"&$B31&"*")+COUNTIFS(구역19!F4:F73,"8호차",구역19!E4:E73,"*"&$B31&"*")+COUNTIFS(구역19!F4:F73,"9호차",구역19!E4:E73,"*"&$B31&"*")+COUNTIFS(구역19!F4:F73,"10호차",구역19!E4:E73,"*"&$B31&"*")) | C22: =IF(COUNTIFS(구역19!G4:G73,"1호차",구역19!E4:E73,"*"&$B31&"*")+COUNTIFS(구역19!G4:G73,"2호차",구역19!E4:E73,"*"&$B31&"*")+COUNTIFS(구역19!G4:G73,"3호차",구역19!E4:E73,"*"&$B31&"*")+COUNTIFS(구역19!G4:G73,"4호차",구역19!E4:E73,"*"&$B31&"*")+COUNTIFS(구역19!G4:G73,"5호차",구역19!E4:E73,"*"&$B31&"*")+COUNTIFS(구역19!G4:G73,"6호차",구역19!E4:E73,"*"&$B31&"*")+COUNTIFS(구역19!G4:G73,"7호차",구역19!E4:E73,"*"&$B31&"*")+COUNTIFS(구역19!G4:G73,"8호차",구역19!E4:E73,"*"&$B31&"*")+COUNTIFS(구역19!G4:G73,"9호차",구역19!E4:E73,"*"&$B31&"*")+COUNTIFS(구역19!G4:G73,"10호차",구역19!E4:E73,"*"&$B31&"*")=0,"",COUNTIFS(구역19!G4:G73,"1호차",구역19!E4:E73,"*"&$B31&"*")+COUNTIFS(구역19!G4:G73,"2호차",구역19!E4:E73,"*"&$B31&"*")+COUNTIFS(구역19!G4:G73,"3호차",구역19!E4:E73,"*"&$B31&"*")+COUNTIFS(구역19!G4:G73,"4호차",구역19!E4:E73,"*"&$B31&"*")+COUNTIFS(구역19!G4:G73,"5호차",구역19!E4:E73,"*"&$B31&"*")+COUNTIFS(구역19!G4:G73,"6호차",구역19!E4:E73,"*"&$B31&"*")+COUNTIFS(구역19!G4:G73,"7호차",구역19!E4:E73,"*"&$B31&"*")+COUNTIFS(구역19!G4:G73,"8호차",구역19!E4:E73,"*"&$B31&"*")+COUNTIFS(구역19!G4:G73,"9호차",구역19!E4:E73,"*"&$B31&"*")+COUNTIFS(구역19!G4:G73,"10호차",구역19!E4:E73,"*"&$B31&"*")) | D22: =IF(COUNTIFS(구역19!F4:F73,"교회차1",구역19!E4:E73,"*"&$B31&"*")+COUNTIFS(구역19!F4:F73,"교회차2",구역19!E4:E73,"*"&$B31&"*")+COUNTIFS(구역19!F4:F73,"교회차3",구역19!E4:E73,"*"&$B31&"*")+COUNTIFS(구역19!F4:F73,"교회차4",구역19!E4:E73,"*"&$B31&"*")+COUNTIFS(구역19!F4:F73,"교회차5",구역19!E4:E73,"*"&$B31&"*")+COUNTIFS(구역19!H4:H73,"*교회차*",구역19!E4:E73,"*"&$B31&"*")=0,"",COUNTIFS(구역19!F4:F73,"교회차1",구역19!E4:E73,"*"&$B31&"*")+COUNTIFS(구역19!F4:F73,"교회차2",구역19!E4:E73,"*"&$B31&"*")+COUNTIFS(구역19!F4:F73,"교회차3",구역19!E4:E73,"*"&$B31&"*")+COUNTIFS(구역19!F4:F73,"교회차4",구역19!E4:E73,"*"&$B31&"*")+COUNTIFS(구역19!F4:F73,"교회차5",구역19!E4:E73,"*"&$B31&"*")+COUNTIFS(구역19!H4:H73,"*교회차*",구역19!E4:E73,"*"&$B31&"*")) | E22: =IF(COUNTIFS(구역19!G4:G73,"교회차1",구역19!E4:E73,"*"&$B31&"*")+COUNTIFS(구역19!G4:G73,"교회차2",구역19!E4:E73,"*"&$B31&"*")+COUNTIFS(구역19!G4:G73,"교회차3",구역19!E4:E73,"*"&$B31&"*")+COUNTIFS(구역19!G4:G73,"교회차4",구역19!E4:E73,"*"&$B31&"*")+COUNTIFS(구역19!G4:G73,"교회차5",구역19!E4:E73,"*"&$B31&"*")+COUNTIFS(구역19!J4:J73,"*교회차*",구역19!E4:E73,"*"&$B31&"*")=0,"",COUNTIFS(구역19!G4:G73,"교회차1",구역19!E4:E73,"*"&$B31&"*")+COUNTIFS(구역19!G4:G73,"교회차2",구역19!E4:E73,"*"&$B31&"*")+COUNTIFS(구역19!G4:G73,"교회차3",구역19!E4:E73,"*"&$B31&"*")+COUNTIFS(구역19!G4:G73,"교회차4",구역19!E4:E73,"*"&$B31&"*")+COUNTIFS(구역19!G4:G73,"교회차5",구역19!E4:E73,"*"&$B31&"*")+COUNTIFS(구역19!J4:J73,"*교회차*",구역19!E4:E73,"*"&$B31&"*")) | F22: =IF(COUNTIFS(구역19!F4:F73,"타교회",구역19!E4:E73,"*"&$B31&"*")+COUNTIFS(구역19!H4:H73,"*타교회*",구역19!E4:E73,"*"&$B31&"*")=0,"",COUNTIFS(구역19!F4:F73,"타교회",구역19!E4:E73,"*"&$B31&"*")+COUNTIFS(구역19!H4:H73,"*타교회*",구역19!E4:E73,"*"&$B31&"*")) | G22: =IF(COUNTIFS(구역19!G4:G73,"타교회",구역19!E4:E73,"*"&$B31&"*")+COUNTIFS(구역19!J4:J73,"*타교회*",구역19!E4:E73,"*"&$B31&"*")=0,"",COUNTIFS(구역19!G4:G73,"타교회",구역19!E4:E73,"*"&$B31&"*")+COUNTIFS(구역19!J4:J73,"*타교회*",구역19!E4:E73,"*"&$B31&"*")) | H22: =IF(COUNTIFS(구역19!F4:F73,"개인차",구역19!E4:E73,"*"&$B31&"*")+(COUNTIFS(구역19!H4:H73,"?*",구역19!E4:E73,"*"&$B31&"*")-COUNTIFS(구역19!H4:H73,"*교회차*",구역19!E4:E73,"*"&$B31&"*")-COUNTIFS(구역19!H4:H73,"*타교회*",구역19!E4:E73,"*"&$B31&"*")-COUNTIFS(구역19!H4:H73,"*대중교통*",구역19!E4:E73,"*"&$B31&"*"))=0,"",COUNTIFS(구역19!F4:F73,"개인차",구역19!E4:E73,"*"&$B31&"*")+(COUNTIFS(구역19!H4:H73,"?*",구역19!E4:E73,"*"&$B31&"*")-COUNTIFS(구역19!H4:H73,"*교회차*",구역19!E4:E73,"*"&$B31&"*")-COUNTIFS(구역19!H4:H73,"*타교회*",구역19!E4:E73,"*"&$B31&"*")-COUNTIFS(구역19!H4:H73,"*대중교통*",구역19!E4:E73,"*"&$B31&"*"))) | I22: =IF(COUNTIFS(구역19!G4:G73,"개인차",구역19!E4:E73,"*"&$B31&"*")+(COUNTIFS(구역19!J4:J73,"?*",구역19!E4:E73,"*"&$B31&"*")-COUNTIFS(구역19!J4:J73,"*교회차*",구역19!E4:E73,"*"&$B31&"*")-COUNTIFS(구역19!J4:J73,"*타교회*",구역19!E4:E73,"*"&$B31&"*")-COUNTIFS(구역19!J4:J73,"*대중교통*",구역19!E4:E73,"*"&$B31&"*"))=0,"",COUNTIFS(구역19!G4:G73,"개인차",구역19!E4:E73,"*"&$B31&"*")+(COUNTIFS(구역19!J4:J73,"?*",구역19!E4:E73,"*"&$B31&"*")-COUNTIFS(구역19!J4:J73,"*교회차*",구역19!E4:E73,"*"&$B31&"*")-COUNTIFS(구역19!J4:J73,"*타교회*",구역19!E4:E73,"*"&$B31&"*")-COUNTIFS(구역19!J4:J73,"*대중교통*",구역19!E4:E73,"*"&$B31&"*"))) | J22: =IF(COUNTIFS(구역19!F4:F73,"대중교통",구역19!E4:E73,"*"&$B31&"*")+COUNTIFS(구역19!H4:H73,"*대중교통*",구역19!E4:E73,"*"&$B31&"*")=0,"",COUNTIFS(구역19!F4:F73,"대중교통",구역19!E4:E73,"*"&$B31&"*")+COUNTIFS(구역19!H4:H73,"*대중교통*",구역19!E4:E73,"*"&$B31&"*")) | K22: =IF(COUNTIFS(구역19!G4:G73,"대중교통",구역19!E4:E73,"*"&$B31&"*")+COUNTIFS(구역19!J4:J73,"*대중교통*",구역19!E4:E73,"*"&$B31&"*")=0,"",COUNTIFS(구역19!G4:G73,"대중교통",구역19!E4:E73,"*"&$B31&"*")+COUNTIFS(구역19!J4:J73,"*대중교통*",구역19!E4:E73,"*"&$B31&"*")) | L22: =IF(SUM(B22,D22,F22,H22,J22)=0,"",SUM(B22,D22,F22,H22,J22))
A23: 구역20 | B23: =IF(COUNTIFS(구역20!F4:F73,"1호차",구역20!E4:E73,"*"&$B31&"*")+COUNTIFS(구역20!F4:F73,"2호차",구역20!E4:E73,"*"&$B31&"*")+COUNTIFS(구역20!F4:F73,"3호차",구역20!E4:E73,"*"&$B31&"*")+COUNTIFS(구역20!F4:F73,"4호차",구역20!E4:E73,"*"&$B31&"*")+COUNTIFS(구역20!F4:F73,"5호차",구역20!E4:E73,"*"&$B31&"*")+COUNTIFS(구역20!F4:F73,"6호차",구역20!E4:E73,"*"&$B31&"*")+COUNTIFS(구역20!F4:F73,"7호차",구역20!E4:E73,"*"&$B31&"*")+COUNTIFS(구역20!F4:F73,"8호차",구역20!E4:E73,"*"&$B31&"*")+COUNTIFS(구역20!F4:F73,"9호차",구역20!E4:E73,"*"&$B31&"*")+COUNTIFS(구역20!F4:F73,"10호차",구역20!E4:E73,"*"&$B31&"*")=0,"",COUNTIFS(구역20!F4:F73,"1호차",구역20!E4:E73,"*"&$B31&"*")+COUNTIFS(구역20!F4:F73,"2호차",구역20!E4:E73,"*"&$B31&"*")+COUNTIFS(구역20!F4:F73,"3호차",구역20!E4:E73,"*"&$B31&"*")+COUNTIFS(구역20!F4:F73,"4호차",구역20!E4:E73,"*"&$B31&"*")+COUNTIFS(구역20!F4:F73,"5호차",구역20!E4:E73,"*"&$B31&"*")+COUNTIFS(구역20!F4:F73,"6호차",구역20!E4:E73,"*"&$B31&"*")+COUNTIFS(구역20!F4:F73,"7호차",구역20!E4:E73,"*"&$B31&"*")+COUNTIFS(구역20!F4:F73,"8호차",구역20!E4:E73,"*"&$B31&"*")+COUNTIFS(구역20!F4:F73,"9호차",구역20!E4:E73,"*"&$B31&"*")+COUNTIFS(구역20!F4:F73,"10호차",구역20!E4:E73,"*"&$B31&"*")) | C23: =IF(COUNTIFS(구역20!G4:G73,"1호차",구역20!E4:E73,"*"&$B31&"*")+COUNTIFS(구역20!G4:G73,"2호차",구역20!E4:E73,"*"&$B31&"*")+COUNTIFS(구역20!G4:G73,"3호차",구역20!E4:E73,"*"&$B31&"*")+COUNTIFS(구역20!G4:G73,"4호차",구역20!E4:E73,"*"&$B31&"*")+COUNTIFS(구역20!G4:G73,"5호차",구역20!E4:E73,"*"&$B31&"*")+COUNTIFS(구역20!G4:G73,"6호차",구역20!E4:E73,"*"&$B31&"*")+COUNTIFS(구역20!G4:G73,"7호차",구역20!E4:E73,"*"&$B31&"*")+COUNTIFS(구역20!G4:G73,"8호차",구역20!E4:E73,"*"&$B31&"*")+COUNTIFS(구역20!G4:G73,"9호차",구역20!E4:E73,"*"&$B31&"*")+COUNTIFS(구역20!G4:G73,"10호차",구역20!E4:E73,"*"&$B31&"*")=0,"",COUNTIFS(구역20!G4:G73,"1호차",구역20!E4:E73,"*"&$B31&"*")+COUNTIFS(구역20!G4:G73,"2호차",구역20!E4:E73,"*"&$B31&"*")+COUNTIFS(구역20!G4:G73,"3호차",구역20!E4:E73,"*"&$B31&"*")+COUNTIFS(구역20!G4:G73,"4호차",구역20!E4:E73,"*"&$B31&"*")+COUNTIFS(구역20!G4:G73,"5호차",구역20!E4:E73,"*"&$B31&"*")+COUNTIFS(구역20!G4:G73,"6호차",구역20!E4:E73,"*"&$B31&"*")+COUNTIFS(구역20!G4:G73,"7호차",구역20!E4:E73,"*"&$B31&"*")+COUNTIFS(구역20!G4:G73,"8호차",구역20!E4:E73,"*"&$B31&"*")+COUNTIFS(구역20!G4:G73,"9호차",구역20!E4:E73,"*"&$B31&"*")+COUNTIFS(구역20!G4:G73,"10호차",구역20!E4:E73,"*"&$B31&"*")) | D23: =IF(COUNTIFS(구역20!F4:F73,"교회차1",구역20!E4:E73,"*"&$B31&"*")+COUNTIFS(구역20!F4:F73,"교회차2",구역20!E4:E73,"*"&$B31&"*")+COUNTIFS(구역20!F4:F73,"교회차3",구역20!E4:E73,"*"&$B31&"*")+COUNTIFS(구역20!F4:F73,"교회차4",구역20!E4:E73,"*"&$B31&"*")+COUNTIFS(구역20!F4:F73,"교회차5",구역20!E4:E73,"*"&$B31&"*")+COUNTIFS(구역20!H4:H73,"*교회차*",구역20!E4:E73,"*"&$B31&"*")=0,"",COUNTIFS(구역20!F4:F73,"교회차1",구역20!E4:E73,"*"&$B31&"*")+COUNTIFS(구역20!F4:F73,"교회차2",구역20!E4:E73,"*"&$B31&"*")+COUNTIFS(구역20!F4:F73,"교회차3",구역20!E4:E73,"*"&$B31&"*")+COUNTIFS(구역20!F4:F73,"교회차4",구역20!E4:E73,"*"&$B31&"*")+COUNTIFS(구역20!F4:F73,"교회차5",구역20!E4:E73,"*"&$B31&"*")+COUNTIFS(구역20!H4:H73,"*교회차*",구역20!E4:E73,"*"&$B31&"*")) | E23: =IF(COUNTIFS(구역20!G4:G73,"교회차1",구역20!E4:E73,"*"&$B31&"*")+COUNTIFS(구역20!G4:G73,"교회차2",구역20!E4:E73,"*"&$B31&"*")+COUNTIFS(구역20!G4:G73,"교회차3",구역20!E4:E73,"*"&$B31&"*")+COUNTIFS(구역20!G4:G73,"교회차4",구역20!E4:E73,"*"&$B31&"*")+COUNTIFS(구역20!G4:G73,"교회차5",구역20!E4:E73,"*"&$B31&"*")+COUNTIFS(구역20!J4:J73,"*교회차*",구역20!E4:E73,"*"&$B31&"*")=0,"",COUNTIFS(구역20!G4:G73,"교회차1",구역20!E4:E73,"*"&$B31&"*")+COUNTIFS(구역20!G4:G73,"교회차2",구역20!E4:E73,"*"&$B31&"*")+COUNTIFS(구역20!G4:G73,"교회차3",구역20!E4:E73,"*"&$B31&"*")+COUNTIFS(구역20!G4:G73,"교회차4",구역20!E4:E73,"*"&$B31&"*")+COUNTIFS(구역20!G4:G73,"교회차5",구역20!E4:E73,"*"&$B31&"*")+COUNTIFS(구역20!J4:J73,"*교회차*",구역20!E4:E73,"*"&$B31&"*")) | F23: =IF(COUNTIFS(구역20!F4:F73,"타교회",구역20!E4:E73,"*"&$B31&"*")+COUNTIFS(구역20!H4:H73,"*타교회*",구역20!E4:E73,"*"&$B31&"*")=0,"",COUNTIFS(구역20!F4:F73,"타교회",구역20!E4:E73,"*"&$B31&"*")+COUNTIFS(구역20!H4:H73,"*타교회*",구역20!E4:E73,"*"&$B31&"*")) | G23: =IF(COUNTIFS(구역20!G4:G73,"타교회",구역20!E4:E73,"*"&$B31&"*")+COUNTIFS(구역20!J4:J73,"*타교회*",구역20!E4:E73,"*"&$B31&"*")=0,"",COUNTIFS(구역20!G4:G73,"타교회",구역20!E4:E73,"*"&$B31&"*")+COUNTIFS(구역20!J4:J73,"*타교회*",구역20!E4:E73,"*"&$B31&"*")) | H23: =IF(COUNTIFS(구역20!F4:F73,"개인차",구역20!E4:E73,"*"&$B31&"*")+(COUNTIFS(구역20!H4:H73,"?*",구역20!E4:E73,"*"&$B31&"*")-COUNTIFS(구역20!H4:H73,"*교회차*",구역20!E4:E73,"*"&$B31&"*")-COUNTIFS(구역20!H4:H73,"*타교회*",구역20!E4:E73,"*"&$B31&"*")-COUNTIFS(구역20!H4:H73,"*대중교통*",구역20!E4:E73,"*"&$B31&"*"))=0,"",COUNTIFS(구역20!F4:F73,"개인차",구역20!E4:E73,"*"&$B31&"*")+(COUNTIFS(구역20!H4:H73,"?*",구역20!E4:E73,"*"&$B31&"*")-COUNTIFS(구역20!H4:H73,"*교회차*",구역20!E4:E73,"*"&$B31&"*")-COUNTIFS(구역20!H4:H73,"*타교회*",구역20!E4:E73,"*"&$B31&"*")-COUNTIFS(구역20!H4:H73,"*대중교통*",구역20!E4:E73,"*"&$B31&"*"))) | I23: =IF(COUNTIFS(구역20!G4:G73,"개인차",구역20!E4:E73,"*"&$B31&"*")+(COUNTIFS(구역20!J4:J73,"?*",구역20!E4:E73,"*"&$B31&"*")-COUNTIFS(구역20!J4:J73,"*교회차*",구역20!E4:E73,"*"&$B31&"*")-COUNTIFS(구역20!J4:J73,"*타교회*",구역20!E4:E73,"*"&$B31&"*")-COUNTIFS(구역20!J4:J73,"*대중교통*",구역20!E4:E73,"*"&$B31&"*"))=0,"",COUNTIFS(구역20!G4:G73,"개인차",구역20!E4:E73,"*"&$B31&"*")+(COUNTIFS(구역20!J4:J73,"?*",구역20!E4:E73,"*"&$B31&"*")-COUNTIFS(구역20!J4:J73,"*교회차*",구역20!E4:E73,"*"&$B31&"*")-COUNTIFS(구역20!J4:J73,"*타교회*",구역20!E4:E73,"*"&$B31&"*")-COUNTIFS(구역20!J4:J73,"*대중교통*",구역20!E4:E73,"*"&$B31&"*"))) | J23: =IF(COUNTIFS(구역20!F4:F73,"대중교통",구역20!E4:E73,"*"&$B31&"*")+COUNTIFS(구역20!H4:H73,"*대중교통*",구역20!E4:E73,"*"&$B31&"*")=0,"",COUNTIFS(구역20!F4:F73,"대중교통",구역20!E4:E73,"*"&$B31&"*")+COUNTIFS(구역20!H4:H73,"*대중교통*",구역20!E4:E73,"*"&$B31&"*")) | K23: =IF(COUNTIFS(구역20!G4:G73,"대중교통",구역20!E4:E73,"*"&$B31&"*")+COUNTIFS(구역20!J4:J73,"*대중교통*",구역20!E4:E73,"*"&$B31&"*")=0,"",COUNTIFS(구역20!G4:G73,"대중교통",구역20!E4:E73,"*"&$B31&"*")+COUNTIFS(구역20!J4:J73,"*대중교통*",구역20!E4:E73,"*"&$B31&"*")) | L23: =IF(SUM(B23,D23,F23,H23,J23)=0,"",SUM(B23,D23,F23,H23,J23))
A24: 합 계 | B24: =IF(SUM(B4:B23)=0,"",SUM(B4:B23)) | C24: =IF(SUM(C4:C23)=0,"",SUM(C4:C23)) | D24: =IF(SUM(D4:D23)=0,"",SUM(D4:D23)) | E24: =IF(SUM(E4:E23)=0,"",SUM(E4:E23)) | F24: =IF(SUM(F4:F23)=0,"",SUM(F4:F23)) | G24: =IF(SUM(G4:G23)=0,"",SUM(G4:G23)) | H24: =IF(SUM(H4:H23)=0,"",SUM(H4:H23)) | I24: =IF(SUM(I4:I23)=0,"",SUM(I4:I23)) | ... L24: =IF(SUM(L4:L23)=0,"",SUM(L4:L23))
A26: 차수별 접수인원
A27: 차수 | B27: 1차 | C27: 2차 | D27: 3차 | E27: 4차 | F27: 5차 | G27: 6차 | H27: 7차 | I27: 8차 | J27: 계
A28: 접수인원 | B28: =IF(COUNTIF(구역1!E4:E73,"*1차*")+COUNTIF(구역2!E4:E73,"*1차*")+COUNTIF(구역3!E4:E73,"*1차*")+COUNTIF(구역4!E4:E73,"*1차*")+COUNTIF(구역5!E4:E73,"*1차*")+COUNTIF(구역6!E4:E73,"*1차*")+COUNTIF(구역7!E4:E73,"*1차*")+COUNTIF(구역8!E4:E73,"*1차*")+COUNTIF(구역9!E4:E73,"*1차*")+COUNTIF(구역10!E4:E73,"*1차*")+COUNTIF(구역11!E4:E73,"*1차*")+COUNTIF(구역12!E4:E73,"*1차*")+COUNTIF(구역13!E4:E73,"*1차*")+COUNTIF(구역14!E4:E73,"*1차*")+COUNTIF(구역15!E4:E73,"*1차*")+COUNTIF(구역16!E4:E73,"*1차*")+COUNTIF(구역17!E4:E73,"*1차*")+COUNTIF(구역18!E4:E73,"*1차*")+COUNTIF(구역19!E4:E73,"*1차*")+COUNTIF(구역20!E4:E73,"*1차*")=0,"",COUNTIF(구역1!E4:E73,"*1차*")+COUNTIF(구역2!E4:E73,"*1차*")+COUNTIF(구역3!E4:E73,"*1차*")+COUNTIF(구역4!E4:E73,"*1차*")+COUNTIF(구역5!E4:E73,"*1차*")+COUNTIF(구역6!E4:E73,"*1차*")+COUNTIF(구역7!E4:E73,"*1차*")+COUNTIF(구역8!E4:E73,"*1차*")+COUNTIF(구역9!E4:E73,"*1차*")+COUNTIF(구역10!E4:E73,"*1차*")+COUNTIF(구역11!E4:E73,"*1차*")+COUNTIF(구역12!E4:E73,"*1차*")+COUNTIF(구역13!E4:E73,"*1차*")+COUNTIF(구역14!E4:E73,"*1차*")+COUNTIF(구역15!E4:E73,"*1차*")+COUNTIF(구역16!E4:E73,"*1차*")+COUNTIF(구역17!E4:E73,"*1차*")+COUNTIF(구역18!E4:E73,"*1차*")+COUNTIF(구역19!E4:E73,"*1차*")+COUNTIF(구역20!E4:E73,"*1차*")) | C28: =IF(COUNTIF(구역1!E4:E73,"*2차*")+COUNTIF(구역2!E4:E73,"*2차*")+COUNTIF(구역3!E4:E73,"*2차*")+COUNTIF(구역4!E4:E73,"*2차*")+COUNTIF(구역5!E4:E73,"*2차*")+COUNTIF(구역6!E4:E73,"*2차*")+COUNTIF(구역7!E4:E73,"*2차*")+COUNTIF(구역8!E4:E73,"*2차*")+COUNTIF(구역9!E4:E73,"*2차*")+COUNTIF(구역10!E4:E73,"*2차*")+COUNTIF(구역11!E4:E73,"*2차*")+COUNTIF(구역12!E4:E73,"*2차*")+COUNTIF(구역13!E4:E73,"*2차*")+COUNTIF(구역14!E4:E73,"*2차*")+COUNTIF(구역15!E4:E73,"*2차*")+COUNTIF(구역16!E4:E73,"*2차*")+COUNTIF(구역17!E4:E73,"*2차*")+COUNTIF(구역18!E4:E73,"*2차*")+COUNTIF(구역19!E4:E73,"*2차*")+COUNTIF(구역20!E4:E73,"*2차*")=0,"",COUNTIF(구역1!E4:E73,"*2차*")+COUNTIF(구역2!E4:E73,"*2차*")+COUNTIF(구역3!E4:E73,"*2차*")+COUNTIF(구역4!E4:E73,"*2차*")+COUNTIF(구역5!E4:E73,"*2차*")+COUNTIF(구역6!E4:E73,"*2차*")+COUNTIF(구역7!E4:E73,"*2차*")+COUNTIF(구역8!E4:E73,"*2차*")+COUNTIF(구역9!E4:E73,"*2차*")+COUNTIF(구역10!E4:E73,"*2차*")+COUNTIF(구역11!E4:E73,"*2차*")+COUNTIF(구역12!E4:E73,"*2차*")+COUNTIF(구역13!E4:E73,"*2차*")+COUNTIF(구역14!E4:E73,"*2차*")+COUNTIF(구역15!E4:E73,"*2차*")+COUNTIF(구역16!E4:E73,"*2차*")+COUNTIF(구역17!E4:E73,"*2차*")+COUNTIF(구역18!E4:E73,"*2차*")+COUNTIF(구역19!E4:E73,"*2차*")+COUNTIF(구역20!E4:E73,"*2차*")) | D28: =IF(COUNTIF(구역1!E4:E73,"*3차*")+COUNTIF(구역2!E4:E73,"*3차*")+COUNTIF(구역3!E4:E73,"*3차*")+COUNTIF(구역4!E4:E73,"*3차*")+COUNTIF(구역5!E4:E73,"*3차*")+COUNTIF(구역6!E4:E73,"*3차*")+COUNTIF(구역7!E4:E73,"*3차*")+COUNTIF(구역8!E4:E73,"*3차*")+COUNTIF(구역9!E4:E73,"*3차*")+COUNTIF(구역10!E4:E73,"*3차*")+COUNTIF(구역11!E4:E73,"*3차*")+COUNTIF(구역12!E4:E73,"*3차*")+COUNTIF(구역13!E4:E73,"*3차*")+COUNTIF(구역14!E4:E73,"*3차*")+COUNTIF(구역15!E4:E73,"*3차*")+COUNTIF(구역16!E4:E73,"*3차*")+COUNTIF(구역17!E4:E73,"*3차*")+COUNTIF(구역18!E4:E73,"*3차*")+COUNTIF(구역19!E4:E73,"*3차*")+COUNTIF(구역20!E4:E73,"*3차*")=0,"",COUNTIF(구역1!E4:E73,"*3차*")+COUNTIF(구역2!E4:E73,"*3차*")+COUNTIF(구역3!E4:E73,"*3차*")+COUNTIF(구역4!E4:E73,"*3차*")+COUNTIF(구역5!E4:E73,"*3차*")+COUNTIF(구역6!E4:E73,"*3차*")+COUNTIF(구역7!E4:E73,"*3차*")+COUNTIF(구역8!E4:E73,"*3차*")+COUNTIF(구역9!E4:E73,"*3차*")+COUNTIF(구역10!E4:E73,"*3차*")+COUNTIF(구역11!E4:E73,"*3차*")+COUNTIF(구역12!E4:E73,"*3차*")+COUNTIF(구역13!E4:E73,"*3차*")+COUNTIF(구역14!E4:E73,"*3차*")+COUNTIF(구역15!E4:E73,"*3차*")+COUNTIF(구역16!E4:E73,"*3차*")+COUNTIF(구역17!E4:E73,"*3차*")+COUNTIF(구역18!E4:E73,"*3차*")+COUNTIF(구역19!E4:E73,"*3차*")+COUNTIF(구역20!E4:E73,"*3차*")) | E28: =IF(COUNTIF(구역1!E4:E73,"*4차*")+COUNTIF(구역2!E4:E73,"*4차*")+COUNTIF(구역3!E4:E73,"*4차*")+COUNTIF(구역4!E4:E73,"*4차*")+COUNTIF(구역5!E4:E73,"*4차*")+COUNTIF(구역6!E4:E73,"*4차*")+COUNTIF(구역7!E4:E73,"*4차*")+COUNTIF(구역8!E4:E73,"*4차*")+COUNTIF(구역9!E4:E73,"*4차*")+COUNTIF(구역10!E4:E73,"*4차*")+COUNTIF(구역11!E4:E73,"*4차*")+COUNTIF(구역12!E4:E73,"*4차*")+COUNTIF(구역13!E4:E73,"*4차*")+COUNTIF(구역14!E4:E73,"*4차*")+COUNTIF(구역15!E4:E73,"*4차*")+COUNTIF(구역16!E4:E73,"*4차*")+COUNTIF(구역17!E4:E73,"*4차*")+COUNTIF(구역18!E4:E73,"*4차*")+COUNTIF(구역19!E4:E73,"*4차*")+COUNTIF(구역20!E4:E73,"*4차*")=0,"",COUNTIF(구역1!E4:E73,"*4차*")+COUNTIF(구역2!E4:E73,"*4차*")+COUNTIF(구역3!E4:E73,"*4차*")+COUNTIF(구역4!E4:E73,"*4차*")+COUNTIF(구역5!E4:E73,"*4차*")+COUNTIF(구역6!E4:E73,"*4차*")+COUNTIF(구역7!E4:E73,"*4차*")+COUNTIF(구역8!E4:E73,"*4차*")+COUNTIF(구역9!E4:E73,"*4차*")+COUNTIF(구역10!E4:E73,"*4차*")+COUNTIF(구역11!E4:E73,"*4차*")+COUNTIF(구역12!E4:E73,"*4차*")+COUNTIF(구역13!E4:E73,"*4차*")+COUNTIF(구역14!E4:E73,"*4차*")+COUNTIF(구역15!E4:E73,"*4차*")+COUNTIF(구역16!E4:E73,"*4차*")+COUNTIF(구역17!E4:E73,"*4차*")+COUNTIF(구역18!E4:E73,"*4차*")+COUNTIF(구역19!E4:E73,"*4차*")+COUNTIF(구역20!E4:E73,"*4차*")) | F28: =IF(COUNTIF(구역1!E4:E73,"*5차*")+COUNTIF(구역2!E4:E73,"*5차*")+COUNTIF(구역3!E4:E73,"*5차*")+COUNTIF(구역4!E4:E73,"*5차*")+COUNTIF(구역5!E4:E73,"*5차*")+COUNTIF(구역6!E4:E73,"*5차*")+COUNTIF(구역7!E4:E73,"*5차*")+COUNTIF(구역8!E4:E73,"*5차*")+COUNTIF(구역9!E4:E73,"*5차*")+COUNTIF(구역10!E4:E73,"*5차*")+COUNTIF(구역11!E4:E73,"*5차*")+COUNTIF(구역12!E4:E73,"*5차*")+COUNTIF(구역13!E4:E73,"*5차*")+COUNTIF(구역14!E4:E73,"*5차*")+COUNTIF(구역15!E4:E73,"*5차*")+COUNTIF(구역16!E4:E73,"*5차*")+COUNTIF(구역17!E4:E73,"*5차*")+COUNTIF(구역18!E4:E73,"*5차*")+COUNTIF(구역19!E4:E73,"*5차*")+COUNTIF(구역20!E4:E73,"*5차*")=0,"",COUNTIF(구역1!E4:E73,"*5차*")+COUNTIF(구역2!E4:E73,"*5차*")+COUNTIF(구역3!E4:E73,"*5차*")+COUNTIF(구역4!E4:E73,"*5차*")+COUNTIF(구역5!E4:E73,"*5차*")+COUNTIF(구역6!E4:E73,"*5차*")+COUNTIF(구역7!E4:E73,"*5차*")+COUNTIF(구역8!E4:E73,"*5차*")+COUNTIF(구역9!E4:E73,"*5차*")+COUNTIF(구역10!E4:E73,"*5차*")+COUNTIF(구역11!E4:E73,"*5차*")+COUNTIF(구역12!E4:E73,"*5차*")+COUNTIF(구역13!E4:E73,"*5차*")+COUNTIF(구역14!E4:E73,"*5차*")+COUNTIF(구역15!E4:E73,"*5차*")+COUNTIF(구역16!E4:E73,"*5차*")+COUNTIF(구역17!E4:E73,"*5차*")+COUNTIF(구역18!E4:E73,"*5차*")+COUNTIF(구역19!E4:E73,"*5차*")+COUNTIF(구역20!E4:E73,"*5차*")) | G28: =IF(COUNTIF(구역1!E4:E73,"*6차*")+COUNTIF(구역2!E4:E73,"*6차*")+COUNTIF(구역3!E4:E73,"*6차*")+COUNTIF(구역4!E4:E73,"*6차*")+COUNTIF(구역5!E4:E73,"*6차*")+COUNTIF(구역6!E4:E73,"*6차*")+COUNTIF(구역7!E4:E73,"*6차*")+COUNTIF(구역8!E4:E73,"*6차*")+COUNTIF(구역9!E4:E73,"*6차*")+COUNTIF(구역10!E4:E73,"*6차*")+COUNTIF(구역11!E4:E73,"*6차*")+COUNTIF(구역12!E4:E73,"*6차*")+COUNTIF(구역13!E4:E73,"*6차*")+COUNTIF(구역14!E4:E73,"*6차*")+COUNTIF(구역15!E4:E73,"*6차*")+COUNTIF(구역16!E4:E73,"*6차*")+COUNTIF(구역17!E4:E73,"*6차*")+COUNTIF(구역18!E4:E73,"*6차*")+COUNTIF(구역19!E4:E73,"*6차*")+COUNTIF(구역20!E4:E73,"*6차*")=0,"",COUNTIF(구역1!E4:E73,"*6차*")+COUNTIF(구역2!E4:E73,"*6차*")+COUNTIF(구역3!E4:E73,"*6차*")+COUNTIF(구역4!E4:E73,"*6차*")+COUNTIF(구역5!E4:E73,"*6차*")+COUNTIF(구역6!E4:E73,"*6차*")+COUNTIF(구역7!E4:E73,"*6차*")+COUNTIF(구역8!E4:E73,"*6차*")+COUNTIF(구역9!E4:E73,"*6차*")+COUNTIF(구역10!E4:E73,"*6차*")+COUNTIF(구역11!E4:E73,"*6차*")+COUNTIF(구역12!E4:E73,"*6차*")+COUNTIF(구역13!E4:E73,"*6차*")+COUNTIF(구역14!E4:E73,"*6차*")+COUNTIF(구역15!E4:E73,"*6차*")+COUNTIF(구역16!E4:E73,"*6차*")+COUNTIF(구역17!E4:E73,"*6차*")+COUNTIF(구역18!E4:E73,"*6차*")+COUNTIF(구역19!E4:E73,"*6차*")+COUNTIF(구역20!E4:E73,"*6차*")) | H28: =IF(COUNTIF(구역1!E4:E73,"*7차*")+COUNTIF(구역2!E4:E73,"*7차*")+COUNTIF(구역3!E4:E73,"*7차*")+COUNTIF(구역4!E4:E73,"*7차*")+COUNTIF(구역5!E4:E73,"*7차*")+COUNTIF(구역6!E4:E73,"*7차*")+COUNTIF(구역7!E4:E73,"*7차*")+COUNTIF(구역8!E4:E73,"*7차*")+COUNTIF(구역9!E4:E73,"*7차*")+COUNTIF(구역10!E4:E73,"*7차*")+COUNTIF(구역11!E4:E73,"*7차*")+COUNTIF(구역12!E4:E73,"*7차*")+COUNTIF(구역13!E4:E73,"*7차*")+COUNTIF(구역14!E4:E73,"*7차*")+COUNTIF(구역15!E4:E73,"*7차*")+COUNTIF(구역16!E4:E73,"*7차*")+COUNTIF(구역17!E4:E73,"*7차*")+COUNTIF(구역18!E4:E73,"*7차*")+COUNTIF(구역19!E4:E73,"*7차*")+COUNTIF(구역20!E4:E73,"*7차*")=0,"",COUNTIF(구역1!E4:E73,"*7차*")+COUNTIF(구역2!E4:E73,"*7차*")+COUNTIF(구역3!E4:E73,"*7차*")+COUNTIF(구역4!E4:E73,"*7차*")+COUNTIF(구역5!E4:E73,"*7차*")+COUNTIF(구역6!E4:E73,"*7차*")+COUNTIF(구역7!E4:E73,"*7차*")+COUNTIF(구역8!E4:E73,"*7차*")+COUNTIF(구역9!E4:E73,"*7차*")+COUNTIF(구역10!E4:E73,"*7차*")+COUNTIF(구역11!E4:E73,"*7차*")+COUNTIF(구역12!E4:E73,"*7차*")+COUNTIF(구역13!E4:E73,"*7차*")+COUNTIF(구역14!E4:E73,"*7차*")+COUNTIF(구역15!E4:E73,"*7차*")+COUNTIF(구역16!E4:E73,"*7차*")+COUNTIF(구역17!E4:E73,"*7차*")+COUNTIF(구역18!E4:E73,"*7차*")+COUNTIF(구역19!E4:E73,"*7차*")+COUNTIF(구역20!E4:E73,"*7차*")) | I28: =IF(COUNTIF(구역1!E4:E73,"*8차*")+COUNTIF(구역2!E4:E73,"*8차*")+COUNTIF(구역3!E4:E73,"*8차*")+COUNTIF(구역4!E4:E73,"*8차*")+COUNTIF(구역5!E4:E73,"*8차*")+COUNTIF(구역6!E4:E73,"*8차*")+COUNTIF(구역7!E4:E73,"*8차*")+COUNTIF(구역8!E4:E73,"*8차*")+COUNTIF(구역9!E4:E73,"*8차*")+COUNTIF(구역10!E4:E73,"*8차*")+COUNTIF(구역11!E4:E73,"*8차*")+COUNTIF(구역12!E4:E73,"*8차*")+COUNTIF(구역13!E4:E73,"*8차*")+COUNTIF(구역14!E4:E73,"*8차*")+COUNTIF(구역15!E4:E73,"*8차*")+COUNTIF(구역16!E4:E73,"*8차*")+COUNTIF(구역17!E4:E73,"*8차*")+COUNTIF(구역18!E4:E73,"*8차*")+COUNTIF(구역19!E4:E73,"*8차*")+COUNTIF(구역20!E4:E73,"*8차*")=0,"",COUNTIF(구역1!E4:E73,"*8차*")+COUNTIF(구역2!E4:E73,"*8차*")+COUNTIF(구역3!E4:E73,"*8차*")+COUNTIF(구역4!E4:E73,"*8차*")+COUNTIF(구역5!E4:E73,"*8차*")+COUNTIF(구역6!E4:E73,"*8차*")+COUNTIF(구역7!E4:E73,"*8차*")+COUNTIF(구역8!E4:E73,"*8차*")+COUNTIF(구역9!E4:E73,"*8차*")+COUNTIF(구역10!E4:E73,"*8차*")+COUNTIF(구역11!E4:E73,"*8차*")+COUNTIF(구역12!E4:E73,"*8차*")+COUNTIF(구역13!E4:E73,"*8차*")+COUNTIF(구역14!E4:E73,"*8차*")+COUNTIF(구역15!E4:E73,"*8차*")+COUNTIF(구역16!E4:E73,"*8차*")+COUNTIF(구역17!E4:E73,"*8차*")+COUNTIF(구역18!E4:E73,"*8차*")+COUNTIF(구역19!E4:E73,"*8차*")+COUNTIF(구역20!E4:E73,"*8차*")) | J28: =IF(SUM(B28:I28)=0,"",SUM(B28:I28))
A31: 적용 차수

Sheet 1호차
A1: 상행 1호차 | H1: 하행 1호차
A2: 선탑자: | H2: 선탑자:
A3: NO | B3: 구역 | C3: 회(부서) | D3: 성 명 | E3: 확인 | F3: 비고 | H3: NO | I3: 구역 | J3: 회(부서) | K3: 성 명 | L3: 확인 | M3: 비고
A4: 1 | H4: 1
A5: 2 | H5: 2
A6: 3 | H6: 3
A7: 4 | H7: 4
A8: 5 | H8: 5
A9: 6 | H9: 6
A10: 7 | H10: 7
A11: 8 | H11: 8
A12: 9 | H12: 9
A13: 10 | H13: 10
A14: 11 | H14: 11
A15: 12 | H15: 12
... A46: 43 | H46: 43
A49: 합 계 | D49: {=IF(SUMPRODUCT((D4:D48<>"")*1)=0,"",SUMPRODUCT((D4:D48<>"")*1))} | H49: 합 계 | K49: {=IF(SUMPRODUCT((K4:K48<>"")*1)=0,"",SUMPRODUCT((K4:K48<>"")*1))}

Sheet 2호차
A1: 상행 2호차 | H1: 하행 2호차
A2: 선탑자: | H2: 선탑자:
A3: NO | B3: 구역 | C3: 회(부서) | D3: 성 명 | E3: 확인 | F3: 비고 | H3: NO | I3: 구역 | J3: 회(부서) | K3: 성 명 | L3: 확인 | M3: 비고
A4: 1 | H4: 1
A5: 2 | H5: 2
A6: 3 | H6: 3
A7: 4 | H7: 4
A8: 5 | H8: 5
A9: 6 | H9: 6
A10: 7 | H10: 7
A11: 8 | H11: 8
A12: 9 | H12: 9
A13: 10 | H13: 10
A14: 11 | H14: 11
A15: 12 | H15: 12
... A46: 43 | H46: 43
A49: 합 계 | D49: {=IF(SUMPRODUCT((D4:D48<>"")*1)=0,"",SUMPRODUCT((D4:D48<>"")*1))} | H49: 합 계 | K49: {=IF(SUMPRODUCT((K4:K48<>"")*1)=0,"",SUMPRODUCT((K4:K48<>"")*1))}

Sheet 3호차
A1: 상행 3호차 | H1: 하행 3호차
A2: 선탑자: | H2: 선탑자:
A3: NO | B3: 구역 | C3: 회(부서) | D3: 성 명 | E3: 확인 | F3: 비고 | H3: NO | I3: 구역 | J3: 회(부서) | K3: 성 명 | L3: 확인 | M3: 비고
A4: 1 | H4: 1
A5: 2 | H5: 2
A6: 3 | H6: 3
A7: 4 | H7: 4
A8: 5 | H8: 5
A9: 6 | H9: 6
A10: 7 | H10: 7
A11: 8 | H11: 8
A12: 9 | H12: 9
A13: 10 | H13: 10
A14: 11 | H14: 11
A15: 12 | H15: 12
... A46: 43 | H46: 43
A49: 합 계 | D49: {=IF(SUMPRODUCT((D4:D48<>"")*1)=0,"",SUMPRODUCT((D4:D48<>"")*1))} | H49: 합 계 | K49: {=IF(SUMPRODUCT((K4:K48<>"")*1)=0,"",SUMPRODUCT((K4:K48<>"")*1))}

Sheet 4호차
A1: 상행 4호차 | H1: 하행 4호차
A2: 선탑자: | H2: 선탑자:
A3: NO | B3: 구역 | C3: 회(부서) | D3: 성 명 | E3: 확인 | F3: 비고 | H3: NO | I3: 구역 | J3: 회(부서) | K3: 성 명 | L3: 확인 | M3: 비고
A4: 1 | H4: 1
A5: 2 | H5: 2
A6: 3 | H6: 3
A7: 4 | H7: 4
A8: 5 | H8: 5
A9: 6 | H9: 6
A10: 7 | H10: 7
A11: 8 | H11: 8
A12: 9 | H12: 9
A13: 10 | H13: 10
A14: 11 | H14: 11
A15: 12 | H15: 12
... A46: 43 | H46: 43
A49: 합 계 | D49: {=IF(SUMPRODUCT((D4:D48<>"")*1)=0,"",SUMPRODUCT((D4:D48<>"")*1))} | H49: 합 계 | K49: {=IF(SUMPRODUCT((K4:K48<>"")*1)=0,"",SUMPRODUCT((K4:K48<>"")*1))}

Sheet 5호차
A1: 상행 5호차 | H1: 하행 5호차
A2: 선탑자: | H2: 선탑자:
A3: NO | B3: 구역 | C3: 회(부서) | D3: 성 명 | E3: 확인 | F3: 비고 | H3: NO | I3: 구역 | J3: 회(부서) | K3: 성 명 | L3: 확인 | M3: 비고
A4: 1 | H4: 1
A5: 2 | H5: 2
A6: 3 | H6: 3
A7: 4 | H7: 4
A8: 5 | H8: 5
A9: 6 | H9: 6
A10: 7 | H10: 7
A11: 8 | H11: 8
A12: 9 | H12: 9
A13: 10 | H13: 10
A14: 11 | H14: 11
A15: 12 | H15: 12
... A46: 43 | H46: 43
A49: 합 계 | D49: {=IF(SUMPRODUCT((D4:D48<>"")*1)=0,"",SUMPRODUCT((D4:D48<>"")*1))} | H49: 합 계 | K49: {=IF(SUMPRODUCT((K4:K48<>"")*1)=0,"",SUMPRODUCT((K4:K48<>"")*1))}

Sheet 6호차
A1: 상행 6호차 | H1: 하행 6호차
A2: 선탑자: | H2: 선탑자:
A3: NO | B3: 구역 | C3: 회(부서) | D3: 성 명 | E3: 확인 | F3: 비고 | H3: NO | I3: 구역 | J3: 회(부서) | K3: 성 명 | L3: 확인 | M3: 비고
A4: 1 | H4: 1
A5: 2 | H5: 2
A6: 3 | H6: 3
A7: 4 | H7: 4
A8: 5 | H8: 5
A9: 6 | H9: 6
A10: 7 | H10: 7
A11: 8 | H11: 8
A12: 9 | H12: 9
A13: 10 | H13: 10
A14: 11 | H14: 11
A15: 12 | H15: 12
... A46: 43 | H46: 43
A49: 합 계 | D49: {=IF(SUMPRODUCT((D4:D48<>"")*1)=0,"",SUMPRODUCT((D4:D48<>"")*1))} | H49: 합 계 | K49: {=IF(SUMPRODUCT((K4:K48<>"")*1)=0,"",SUMPRODUCT((K4:K48<>"")*1))}

Sheet 7호차
A1: 상행 7호차 | H1: 하행 7호차
A2: 선탑자: | H2: 선탑자:
A3: NO | B3: 구역 | C3: 회(부서) | D3: 성 명 | E3: 확인 | F3: 비고 | H3: NO | I3: 구역 | J3: 회(부서) | K3: 성 명 | L3: 확인 | M3: 비고
A4: 1 | H4: 1
A5: 2 | H5: 2
A6: 3 | H6: 3
A7: 4 | H7: 4
A8: 5 | H8: 5
A9: 6 | H9: 6
A10: 7 | H10: 7
A11: 8 | H11: 8
A12: 9 | H12: 9
A13: 10 | H13: 10
A14: 11 | H14: 11
A15: 12 | H15: 12
... A46: 43 | H46: 43
A49: 합 계 | D49: {=IF(SUMPRODUCT((D4:D48<>"")*1)=0,"",SUMPRODUCT((D4:D48<>"")*1))} | H49: 합 계 | K49: {=IF(SUMPRODUCT((K4:K48<>"")*1)=0,"",SUMPRODUCT((K4:K48<>"")*1))}

Sheet 8호차
A1: 상행 8호차 | H1: 하행 8호차
A2: 선탑자: | H2: 선탑자:
A3: NO | B3: 구역 | C3: 회(부서) | D3: 성 명 | E3: 확인 | F3: 비고 | H3: NO | I3: 구역 | J3: 회(부서) | K3: 성 명 | L3: 확인 | M3: 비고
A4: 1 | H4: 1
A5: 2 | H5: 2
A6: 3 | H6: 3
A7: 4 | H7: 4
A8: 5 | H8: 5
A9: 6 | H9: 6
A10: 7 | H10: 7
A11: 8 | H11: 8
A12: 9 | H12: 9
A13: 10 | H13: 10
A14: 11 | H14: 11
A15: 12 | H15: 12
... A46: 43 | H46: 43
A49: 합 계 | D49: {=IF(SUMPRODUCT((D4:D48<>"")*1)=0,"",SUMPRODUCT((D4:D48<>"")*1))} | H49: 합 계 | K49: {=IF(SUMPRODUCT((K4:K48<>"")*1)=0,"",SUMPRODUCT((K4:K48<>"")*1))}

Sheet 9호차
A1: 상행 9호차 | H1: 하행 9호차
A2: 선탑자: | H2: 선탑자:
A3: NO | B3: 구역 | C3: 회(부서) | D3: 성 명 | E3: 확인 | F3: 비고 | H3: NO | I3: 구역 | J3: 회(부서) | K3: 성 명 | L3: 확인 | M3: 비고
A4: 1 | H4: 1
A5: 2 | H5: 2
A6: 3 | H6: 3
A7: 4 | H7: 4
A8: 5 | H8: 5
A9: 6 | H9: 6
A10: 7 | H10: 7
A11: 8 | H11: 8
A12: 9 | H12: 9
A13: 10 | H13: 10
A14: 11 | H14: 11
A15: 12 | H15: 12
... A46: 43 | H46: 43
A49: 합 계 | D49: {=IF(SUMPRODUCT((D4:D48<>"")*1)=0,"",SUMPRODUCT((D4:D48<>"")*1))} | H49: 합 계 | K49: {=IF(SUMPRODUCT((K4:K48<>"")*1)=0,"",SUMPRODUCT((K4:K48<>"")*1))}

Sheet 10호차
A1: 상행 10호차 | H1: 하행 10호차
A2: 선탑자: | H2: 선탑자:
A3: NO | B3: 구역 | C3: 회(부서) | D3: 성 명 | E3: 확인 | F3: 비고 | H3: NO | I3: 구역 | J3: 회(부서) | K3: 성 명 | L3: 확인 | M3: 비고
A4: 1 | H4: 1
A5: 2 | H5: 2
A6: 3 | H6: 3
A7: 4 | H7: 4
A8: 5 | H8: 5
A9: 6 | H9: 6
A10: 7 | H10: 7
A11: 8 | H11: 8
A12: 9 | H12: 9
A13: 10 | H13: 10
A14: 11 | H14: 11
A15: 12 | H15: 12
... A46: 43 | H46: 43
A49: 합 계 | D49: {=IF(SUMPRODUCT((D4:D48<>"")*1)=0,"",SUMPRODUCT((D4:D48<>"")*1))} | H49: 합 계 | K49: {=IF(SUMPRODUCT((K4:K48<>"")*1)=0,"",SUMPRODUCT((K4:K48<>"")*1))}

Sheet 교회차
A1: 교회차1 ─ 본대 출발
A2: 상행 | G2: 하행
A3: NO | B3: 구역 | C3: 회(부서) | D3: 성 명 | E3: 비고 | G3: NO | H3: 구역 | I3: 회(부서) | J3: 성 명 | K3: 비고
A4: 1
A5: 2
A6: 3
A7: 4
A8: 5
A9: 6
A10: 7
A11: 8
A12: 9
A13: 10
A14: 11
A15: 12
... A43: 40
A44: 교회차1 합 계 | G44: 교회차1 합 계
A45: 교회차2
A46: 상행 | G46: 하행
A47: NO | B47: 구역 | C47: 부서 | D47: 성 명 | E47: 비고 | G47: NO | H47: 구역 | I47: 부서 | J47: 성 명 | K47: 비고
A48: 1
A49: 2
A50: 3
A51: 4
A52: 5
A53: 6
A54: 7
A55: 8
A56: 9
A57: 10
A58: 11
A59: 12
... A87: 40
A88: 교회차2 합 계 | G88: 교회차2 합 계
A89: 교회차3 ─ 본대 출발
A90: 상행 | G90: 하행
A91: NO | B91: 구역 | C91: 회(부서) | D91: 성 명 | E91: 비고 | G91: NO | H91: 구역 | I91: 회(부서) | J91: 성 명 | K91: 비고
A92: 1
A93: 2
A94: 3
A95: 4
A96: 5
A97: 6
A98: 7
A99: 8
A100: 9
A101: 10
A102: 11
A103: 12
... A131: 40
A132: 교회차3 합 계 | G132: 교회차3 합 계
A133: 교회차4 ─ 본대 출발
A134: 상행 | G134: 하행
A135: NO | B135: 구역 | C135: 회(부서) | D135: 성 명 | E135: 비고 | G135: NO | H135: 구역 | I135: 회(부서) | J135: 성 명 | K135: 비고
A136: 1
A137: 2
A138: 3
A139: 4
A140: 5
A141: 6
A142: 7
A143: 8
A144: 9
A145: 10
A146: 11
A147: 12
... A175: 40
A176: 교회차4 합 계 | G176: 교회차4 합 계
A177: 교회차5 ─ 본대 출발
A178: 상행 | G178: 하행
A179: NO | B179: 구역 | C179: 회(부서) | D179: 성 명 | E179: 비고 | G179: NO | H179: 구역 | I179: 회(부서) | J179: 성 명 | K179: 비고
A180: 1
A181: 2
A182: 3
A183: 4
A184: 5
A185: 6
A186: 7
A187: 8
A188: 9
A189: 10
A190: 11
A191: 12
... A219: 40
A220: 교회차5 합 계 | G220: 교회차5 합 계

Sheet 개인차
A1: 개인차1
A2: 상행 | G2: 하행
A3: no | B3: 구역 | C3: 회(부서) | D3: 성 명 | E3: 비고 | G3: no | H3: 구역 | I3: 회(부서) | J3: 성 명 | K3: 비고
A4: 1
A5: 2
A6: 3
A7: 4
A8: 5
A9: 6
A10: 7
A11: 개인차2
A12: 상행 | G12: 하행
A13: no | B13: 구역 | C13: 회 | D13: 성 명 | E13: 비고 | G13: no | H13: 구역 | I13: 회 | J13: 성 명 | K13: 비고
A14: 1
A15: 2
A16: 3
A17: 4
A18: 5
A19: 6
A20: 7
A21: 개인차3
A22: 상행 | G22: 하행
A23: no | B23: 구역 | C23: 회 | D23: 성 명 | E23: 비고 | G23: no | H23: 구역 | I23: 회 | J23: 성 명 | K23: 비고
A24: 1
A25: 2
A26: 3
A27: 4
A28: 5
A29: 6
A30: 7
A31: 개인차4
A32: 상행 | G32: 하행
A33: no | B33: 구역 | C33: 회 | D33: 성 명 | E33: 비고 | G33: no | H33: 구역 | I33: 회 | J33: 성 명 | K33: 비고
A34: 1
A35: 2
A36: 3
A37: 4
A38: 5
A39: 6
A40: 7
A41: 개인차5
A42: 상행 | G42: 하행
A43: no | B43: 구역 | C43: 회 | D43: 성 명 | E43: 비고 | G43: no | H43: 구역 | I43: 회 | J43: 성 명 | K43: 비고
A44: 1
A45: 2
A46: 3
A47: 4
A48: 5
A49: 6
A50: 7
A51: 개인차6
A52: 상행 | G52: 하행
A53: no | B53: 구역 | C53: 회 | D53: 성 명 | E53: 비고 | G53: no | H53: 구역 | I53: 회 | J53: 성 명 | K53: 비고
A54: 1
A55: 2
A56: 3
A57: 4
A58: 5
A59: 6
A60: 7
A61: 개인차7
A62: 상행 | G62: 하행
A63: no | B63: 구역 | C63: 회 | D63: 성 명 | E63: 비고 | G63: no | H63: 구역 | I63: 회 | J63: 성 명 | K63: 비고
A64: 1
A65: 2
A66: 3
A67: 4
A68: 5
A69: 6
A70: 7
A71: 개인차8
A72: 상행 | G72: 하행
A73: no | B73: 구역 | C73: 회 | D73: 성 명 | E73: 비고 | G73: no | H73: 구역 | I73: 회 | J73: 성 명 | K73: 비고
A74: 1
A75: 2
A76: 3
A77: 4
A78: 5
A79: 6
A80: 7
A81: 개인차9
A82: 상행 | G82: 하행
A83: no | B83: 구역 | C83: 회 | D83: 성 명 | E83: 비고 | G83: no | H83: 구역 | I83: 회 | J83: 성 명 | K83: 비고
A84: 1
A85: 2
A86: 3
A87: 4
A88: 5
A89: 6
A90: 7
A91: 개인차10
A92: 상행 | G92: 하행
A93: no | B93: 구역 | C93: 회 | D93: 성 명 | E93: 비고 | G93: no | H93: 구역 | I93: 회 | J93: 성 명 | K93: 비고
A94: 1
A95: 2
A96: 3
A97: 4
A98: 5
A99: 6
A100: 7
...

Sheet 타교회_대중교통
A1: 타교회
A2: 상행 | G2: 하행
A3: NO | B3: 구역 | C3: 회(부서) | D3: 성 명 | E3: 비고 | G3: NO | H3: 구역 | I3: 회(부서) | J3: 성 명 | K3: 비고
A4: 1
A5: 2
A6: 3
A7: 4
A8: 5
A9: 6
A10: 7
A11: 8
A12: 9
A13: 10
A14: 11
A15: 12
... A43: 40
A44: 타교회 합 계 | G44: 타교회 합 계
A45: 대중교통
A46: 상행 | G46: 하행
A47: NO | B47: 구역 | C47: 부서 | D47: 성 명 | E47: 비고 | G47: NO | H47: 구역 | I47: 부서 | J47: 성 명 | K47: 비고
A48: 1
A49: 2
A50: 3
A51: 4
A52: 5
A53: 6
A54: 7
A55: 8
A56: 9
A57: 10
A58: 11
A59: 12
... A87: 40
A88: 대중교통 합 계 | G88: 대중교통 합 계
